videoTitle,videoPlaylist,videoURL,videoView,videoType,dateDL,isAvailable
Guile's theme extended,Street Fighter,https://youtube.com/watch?v=JGw8DWctAts,9432856,Anime,2022-06-14,True
Super Smash Bros. Ultimate Main Theme - Lifelight,SSBU,https://youtube.com/watch?v=EhgDibw7vB4,19060486,Anime,2022-06-14,True
BTOOOM! - Opening VO,BTOOOM,https://youtube.com/watch?v=5GjbLOe_cgw,2150311,Anime,2022-06-14,True
Btooom! Opening 2 HD 1080p,BTOOOM,https://youtube.com/watch?v=bpF2pvBHklc,209379,Anime,2022-06-14,True
Btooom! ED Sub Español,BTOOOM,https://youtube.com/watch?v=VjxVcupCJ38,38115,Anime,2022-06-14,True
GOBLIN SLAYER - Opening | Rightfully,Goblin Slayer,https://youtube.com/watch?v=0i0z98M2y5U,7731682,Anime,2022-06-14,True
Overlord III - Opening | VORACITY,Overlord,https://youtube.com/watch?v=vci9YwpFFcA,9712350,Anime,2022-06-14,True
Overlord – Opening Theme – Clattanoia,Overlord,https://youtube.com/watch?v=KOWcj7XKnfQ,22283274,Anime,2022-06-14,True
Overlord II - Opening | Go Cry Go,Overlord,https://youtube.com/watch?v=v4OKxyQdTvg,1959558,Anime,2022-06-14,True
Overlord - Ending Theme 1,Overlord,https://youtube.com/watch?v=ChayFwyFvPk,1783624,Anime,2022-06-14,True
"""Kawaki wo Ameku (カワキヲアメク)"" by Minami | Domestic Girlfriend",Domestic Girlfriend,https://youtube.com/watch?v=Ua5UARWRYLA,14147621,Anime,2022-06-14,True
"Fini les tendinites du tendon d’Achille, avec la méthode de Stanish !",Domestic Girlfriend,https://youtube.com/watch?v=DgVpNbMBbLk,57919,Anime,2022-06-14,True
Rent-a-Girlfriend - Opening | Centimeter,Kanojo Okarishimasu,https://youtube.com/watch?v=cM1WSovcn4I,13629142,Anime,2022-06-14,True
Ballroom e Youkoso opening 1,Ballroom e Youkoso,https://youtube.com/watch?v=EefNiVvWAB0,820479,Anime,2022-06-14,True
Bakuman S2 OP2 - Dream of Life English Lyrics (Season / Series 2 Opening + Subtitles),Bakuman,https://youtube.com/watch?v=kkEQ58iMmNg,1191403,Anime,2022-06-14,True
Charlotte Opening 1080p (FULL HD),Charlotte,https://youtube.com/watch?v=zp46Remynxs,561180,Anime,2022-06-14,True
【4K60fps】灼け落ちない翼 / Charlotte ED【2160p】,Charlotte,https://youtube.com/watch?v=5hGuS_-H74c,60158,Anime,2022-06-14,True
Gundam Build Fighters Opening 1 ~Nibun no Nichi~ (HD),Gundam,https://youtube.com/watch?v=xSyvqAdcMgE,20821,Anime,2022-06-14,True
Arslan senki ending 1,Arslan Senki,https://youtube.com/watch?v=hUrpLT2e4VY,182481,Anime,2022-06-14,True
Re:ZERO - Starting Life in Another World - Ending,Re Zero Kara Hajimaru Isekai Seikatsu,https://youtube.com/watch?v=gIGEbitYqL0,2329308,Anime,2022-06-14,True
スパークル [original ver.] -Your name. Music Video edition- 予告編 from new album「人間開花」初回盤DVD,Kimi no Na Wa,https://youtube.com/watch?v=a2GujJZfXpg,143061420,Anime,2022-06-14,True
Nandemonaiya - movie ver.,Kimi no Na Wa,https://youtube.com/watch?v=n89SKAymNfA,30322881,Anime,2022-06-14,True
AMV   Kimi no Na wa  Original Zen Zen Zense,Kimi no Na Wa,https://youtube.com/watch?v=n4o-i71Jz4E,3181783,Anime,2022-06-14,True
[AMV] Kimi No Na Wa OP: Yumetourou - RADWIMPS,Kimi no Na Wa,https://youtube.com/watch?v=lFsg_sDwlak,1709100,Anime,2022-06-14,True
Katawaredoki,Kimi no Na Wa,https://youtube.com/watch?v=mhpRipG9Zss,2607109,Anime,2022-06-14,True
Date,Kimi no Na Wa,https://youtube.com/watch?v=FtMhJH_rui4,961024,Anime,2022-06-14,True
Goshintai,Kimi no Na Wa,https://youtube.com/watch?v=TTHskdFvhtU,430692,Anime,2022-06-14,True
Owari no Seraph OP 1 Creditless,Owari no Seraph,https://youtube.com/watch?v=MxoJvOE7hcU,2505920,Anime,2022-06-14,True
Mirai Nikki OP [HQ] 1080p,Mirai Nikki,https://youtube.com/watch?v=ql0NtjXIv_s,31410185,Anime,2022-06-14,True
Mirai Nikki Opening 2 English Sub,Mirai Nikki,https://youtube.com/watch?v=0_36iNzrEn0,9404191,Anime,2022-06-14,True
[1080p] Mirai Nikki (未来日記) ED 1 Full,Mirai Nikki,https://youtube.com/watch?v=s95Qwmj9f8M,800019,Anime,2022-06-14,True
"Mirai Nikki - 2nd Ending Theme ""Filament""",Mirai Nikki,https://youtube.com/watch?v=Ibtz3uuvnxg,473997,Anime,2022-06-14,True
Fairy Tail - Opening 1 (Creditless) (HD - 60 fps),Fairy Tail,https://youtube.com/watch?v=9jvVBVcZ0-Y,603258,Anime,2022-06-14,True
Nausicaä theme (lalala) | Requiem,Nausicaa,https://youtube.com/watch?v=qx2b-nK_Q8o,2473608,Anime,2022-06-14,True
Danmachi Opening 1,Danmachi,https://youtube.com/watch?v=0H_RCGEcjhs,1758273,Anime,2022-06-14,True
"DanMachi - Heroic Desire ""Eiyuu Ganbou"" (Argonaut) [Familia Myth]",Danmachi,https://youtube.com/watch?v=pWlfyXi0KYs,10592582,Anime,2022-06-14,True
Violet Evergarden Opening HD | Sincerely |,Violet Evergarden,https://youtube.com/watch?v=Fc-XPJE3oeM,395352,Anime,2022-06-14,True
Violet Evergarden Ed | Michishirube |,Violet Evergarden,https://youtube.com/watch?v=fayCDyH7vR0,20735,Anime,2022-06-14,True
Toriko's Ending 3 (Sabrina),Toriko,https://youtube.com/watch?v=XpO3oQZISBU,227546,Anime,2022-06-14,True
Kuroko's Basketball - Opening 3 | The Other Self,Kuroko no Basket,https://youtube.com/watch?v=m_eZs7Ix9-s,2905706,Anime,2022-06-14,True
Kuroko's Basketball - Opening 1 | Can Do,Kuroko no Basket,https://youtube.com/watch?v=5RVEM8-UKlg,982338,Anime,2022-06-14,True
Kuroko no basket Opening 2,Kuroko no Basket,https://youtube.com/watch?v=ctzWj_dHFSo,2623925,Anime,2022-06-14,True
Code Breaker Opening.,Code Breaker,https://youtube.com/watch?v=UW3x_6hp8w0,262206,Anime,2022-06-14,True
86 EIGHTY-SIX - Opening 1 | 3-bun 29-byo,86,https://youtube.com/watch?v=eZIMFWAxMxQ,261794,Anime,2022-06-14,True
86 EIGHTY-SIX - Opening 2 | Kyokaisen,86,https://youtube.com/watch?v=tA0EEJj4hU0,935963,Anime,2022-06-14,True
86 EIGHTY-SIX - Ending 2 | Alchemila,86,https://youtube.com/watch?v=YRGG02ZWccA,115242,Anime,2022-06-14,True
SawanoHiroyuki[nZk]:Honoka Takahashi『LilaS』×TVアニメ「８６―エイティシックス―」Collaboration Movie,86,https://youtube.com/watch?v=dfOsUNxc2Xg,3521584,Anime,2022-06-14,True
Voices of the Chord,86,https://youtube.com/watch?v=Cxz-W6rNscM,1807033,Anime,2022-06-14,True
SawanoHiroyuki[nZk]:Laco「Hands Up to the Sky」Music Video ８６―エイティシックス― ver.,86,https://youtube.com/watch?v=fqYFkPeYqoI,6503711,Anime,2022-06-14,True
Made in Abyss Opening,Made in Abyss,https://youtube.com/watch?v=e91G8m9uM_0,3110779,Anime,2022-06-14,True
"Made in Abyss  OST - Hanezeve Caradhina (ft.Takeshi Saito)  Episode 1, 8, 9 Insert Song",Made in Abyss,https://youtube.com/watch?v=KPxSS1zHWwQ,13902080,Anime,2022-06-14,True
JUJUTSU KAISEN - Opening | Kaikai Kitan,Jujutsu Kaisen,https://youtube.com/watch?v=GwaRztMaoY0,40895720,Anime,2022-06-14,True
Tokyo Revengers - Opening | Cry Baby,Tokyo Revengers,https://youtube.com/watch?v=By_JYrhx-WY,20199196,Anime,2022-06-14,True
Tokyo Revengers - Ending | Koko de Iki o Shite,Tokyo Revengers,https://youtube.com/watch?v=AUS2Np9LBDM,2151328,Anime,2022-06-14,True
Générique  Ken le Survivant,Ken le Survivant,https://youtube.com/watch?v=-pgUE4Jf1Zo,94673,Anime,2022-06-14,True
"アニメ「バキ」大擂台賽編ノンクレジットOP「情熱は覚えている」／GRANRODEO│""BAKI : Dai Raitaisai-hen"" (2020)",Baki,https://youtube.com/watch?v=lb66JJsGdGc,4570652,Anime,2022-06-14,True
TVアニメ「坂本ですが？」ノンテロップOP,Sakamoto Desu Ga,https://youtube.com/watch?v=f8d3bW42aFY,11370436,Anime,2022-06-14,True
Pegasus Fantasy - Saint Seiya - original japanese opening - subtitled,Saint Seya,https://youtube.com/watch?v=Bu533OKYHyc,4651448,Anime,2022-06-14,True
Assassination Classroom | Ansatsu Kyoushitsu | 暗殺教室 - Opening 1-A - HD - Subtitles,Assassination Classroom,https://youtube.com/watch?v=KS9UfmCFn_Y,5597897,Anime,2022-06-14,True
Assassination Classroom Season 2 Ending 2,Assassination Classroom,https://youtube.com/watch?v=43PSskdm784,977709,Anime,2022-06-14,True
Assassination Classroom OST - Haritsume Ta Kuuki,Assassination Classroom,https://youtube.com/watch?v=sdZNcBHO8DA,613981,Anime,2022-06-14,True
The Disastrous Life of Saiki K. – Opening Theme 1 – Youth Isn't So Cruel,Saiki Kusuo no Psi nan,https://youtube.com/watch?v=4GNTfA-seHY,1902082,Anime,2022-06-14,True
Yoru wa Nemureru kai? (Can You Sleep at Night?) - flumpool [Ajin Opening],Ajin,https://youtube.com/watch?v=Ppl21c_zKo8,13549323,Anime,2022-06-14,True
Ajin Main Theme,Ajin,https://youtube.com/watch?v=UnDHBT8kP2Y,2084222,Anime,2022-06-14,True
Monster Opening HD,Monster,https://youtube.com/watch?v=msTB5r8nUHU,1660494,Anime,2022-06-14,True
Opening Dangan Ronpa The Animation,Danganronpa,https://youtube.com/watch?v=Avr-Iu5vWsM,5146491,Anime,2022-06-14,True
Black Bullet - OP / Opening,Black Bullet,https://youtube.com/watch?v=as1Rz1KODXc,2140020,Anime,2022-06-14,True
"""Kaguya-sama: Love Is War?"" Opening Theme (Limited Time Only)",Love is War,https://youtube.com/watch?v=lTlzDfhPtFA,26664588,Anime,2022-06-14,True
Kaguya-sama: Love is War Opening - Love Dramatic [TV Broadcast Version/1080p/English CC],Love is War,https://youtube.com/watch?v=W9Pb412Bloc,403064,Anime,2022-06-14,True
DARLING in the FRANXX – Opening Theme – KISS OF DEATH,Darling in the Franxx,https://youtube.com/watch?v=A4kLcDWBYcQ,11302191,Anime,2022-06-14,True
「Creditless」Another OP / Opening「UHD 60FPS」,Another,https://youtube.com/watch?v=O7yhjJGxTyY,66107,Anime,2022-06-14,True
Death Parade - Ending 1 - Last Theater (Creditless),Death Parade,https://youtube.com/watch?v=fW0Jxf5SuRg,161085,Anime,2022-06-14,True
「Creditless」Death Parade OP / Opening「UHD 60FPS」,Death Parade,https://youtube.com/watch?v=VLisirQCUcM,72731,Anime,2022-06-14,True
Akame ga Kill! - Opening 1 | Skyreach,Akame ga Kill,https://youtube.com/watch?v=ji9BD3ESMqg,5500287,Anime,2022-06-14,True
Akame ga Kill! - Opening 2 | Liar Mask,Akame ga Kill,https://youtube.com/watch?v=mAzFWd5WqOg,11868562,Anime,2022-06-14,True
"Akame ga Kill! - Ending 1 | Konna Sekai, Shiritakunakatta",Akame ga Kill,https://youtube.com/watch?v=iDhY5BM7BlQ,537676,Anime,2022-06-14,True
Akame ga Kill! - Ending 2 | Tsuki Akari,Akame ga Kill,https://youtube.com/watch?v=mGclLUQiqH8,576157,Anime,2022-06-14,True
Psycho-Pass Opening 1 (Creditless),Psycho Pass,https://youtube.com/watch?v=5diaZzBr4_M,2214981,Anime,2022-06-14,True
Opening 2 Psycho Pass   Nothings Carved in Stone Out of Control,Psycho Pass,https://youtube.com/watch?v=9StfX1p9LuY,1270588,Anime,2022-06-14,True
Psycho-pass ED 1 - Monster without a name (Creditless),Psycho Pass,https://youtube.com/watch?v=sF0QLtk3YH0,6161883,Anime,2022-06-14,True
PSYCHO PASS ED2 / Ending 2,Psycho Pass,https://youtube.com/watch?v=mWCWLYM7ieM,1303995,Anime,2022-06-14,True
JoJo's Bizarre Adventure Opening 2 | 4K | 60FPS | Creditless,JoJo's Bizarre Adventure,https://youtube.com/watch?v=_ih7vT0CrLE,2453126,Anime,2022-06-14,True
JoJo's Bizarre Adventure Opening 3 | 4K | 60FPS | Creditless,JoJo's Bizarre Adventure,https://youtube.com/watch?v=eLwuQwKs4yA,1641112,Anime,2022-06-14,True
The Seven Deadly Sins Opening 1 - US Toonami Potential Cut,Nanatsu no Taizai,https://youtube.com/watch?v=f7FO0tt9MNo,301400,Anime,2022-06-14,True
The Seven Deadly Sins - Opening 2,Nanatsu no Taizai,https://youtube.com/watch?v=NVX3pkqHsKI,441091,Anime,2022-06-14,True
The Seven Deadly Sins - Ending 2,Nanatsu no Taizai,https://youtube.com/watch?v=MuPFOVRntAw,211424,Anime,2022-06-14,True
Sword Art Online Opening 2,Sword Art Online,https://youtube.com/watch?v=O8T2u83GIiI,3608099,Anime,2022-06-14,True
「Creditless」Sword Art Online II OP / Opening 1「UHD 60FPS」,Sword Art Online,https://youtube.com/watch?v=Mqp4X1uuYZc,204300,Anime,2022-06-14,True
TVアニメ『SHAMAN KING』ノンクレジットオープニング｜2021年4月1日放送開始,Shaman King21,https://youtube.com/watch?v=emrOpnSCYao,2656477,Anime,2022-06-14,True
Shaman King Opening 2 Northern Lights HD,Shaman King,https://youtube.com/watch?v=_bGG-EJo96g,91377,Anime,2022-06-14,True
林原めぐみ 「Over Soul」 | SHAMAN KING | オープニング,Shaman King,https://youtube.com/watch?v=-VYMrLirXFY,4669801,Anime,2022-06-14,True
Haikyuu!! Opening 02,Haikyuu!!,https://youtube.com/watch?v=ekqPBsKIb9A,3494699,Anime,2022-06-14,True
Mob Psycho 100 - Opening | 99,Mob Psycho 100,https://youtube.com/watch?v=Bw-5Lka7gPE,15050417,Anime,2022-06-14,True
Mob Psycho 100 II - Opening | 99.9,Mob Psycho 100,https://youtube.com/watch?v=epZaT8B31-g,11702189,Anime,2022-06-14,True
Mob Psycho 100 ENDING | Refrain Boy (HD),Mob Psycho 100,https://youtube.com/watch?v=i8Yjk7KedVg,1216493,Anime,2022-06-14,True
Mob Psycho 100 II - Ending | Memosepia,Mob Psycho 100,https://youtube.com/watch?v=4p_OmTMlZXw,1027739,Anime,2022-06-14,True
Fire Force – Opening Theme – Inferno,Fire Force,https://youtube.com/watch?v=JBqxVX_LXvk,66380729,Anime,2022-06-14,True
Fire Force – Opening Theme 2 – MAYDAY,Fire Force,https://youtube.com/watch?v=t0WClcc-aVs,6345960,Anime,2022-06-14,True
Fire Force – Ending Theme – Veil,Fire Force,https://youtube.com/watch?v=geE49ne2mQg,5936955,Anime,2022-06-14,True
Fire Force – Ending Theme 2 – Nounai,Fire Force,https://youtube.com/watch?v=jbTO40J4ENs,848212,Anime,2022-06-14,True
Spice and Wolf OP ( IN HD!! ),Spice and Wolf,https://youtube.com/watch?v=MN_WgwEmRaw,3717232,Anime,2022-06-14,True
Spice and Wolf season 2 opening HD,Spice and Wolf,https://youtube.com/watch?v=A08fzhikzuo,340493,Anime,2022-06-14,True
Spice and Wolf ED 2,Spice and Wolf,https://youtube.com/watch?v=qM5CtKhwrhE,445,Anime,2022-06-14,True
ノンテロップスペシャル版　TVアニメ「東京喰種トーキョーグール」オープニング映像 TK from 凛として時雨/unravel,Tokyo Ghoul,https://youtube.com/watch?v=uMeR2W19wT0,160503908,Anime,2022-06-14,True
Tokyo Ghoul - Licht und Schatten - Yutaka Yamada [東京喰種-トーキョーグール- OST],Tokyo Ghoul,https://youtube.com/watch?v=3S1NmtWDVYk,38936195,Anime,2022-06-14,True
TK from 凛として時雨 『katharsis』 / “東京喰種トーキョーグール:re” 最終章OP,Tokyo Ghoul,https://youtube.com/watch?v=f4D0lY6A3nU,26444805,Anime,2022-06-14,True
Terror in Resonance – Opening Theme – Trigger,Terror in Resonance,https://youtube.com/watch?v=g1ARRcK4LVs,3103875,Anime,2022-06-14,True
Pandora Hearts  OP,Pandora Hearts,https://youtube.com/watch?v=ANfrLiwsogE,80657,Anime,2022-06-14,True
Pandora Hearts - Lacie's Melody,Pandora Hearts,https://youtube.com/watch?v=5wTK6_kaPvU,4143722,Anime,2022-06-14,True
Hajime No Ippo Opening 1 - Under Star,Hajime no Ippo,https://youtube.com/watch?v=9S50a4rStNA,1775032,Anime,2022-06-14,True
Hajime no Ippo Opening 2 -Creditless-,Hajime no Ippo,https://youtube.com/watch?v=x1VNM57PHms,1415575,Anime,2022-06-14,True
Hajime no Ippo Ending 1 -Creditless-,Hajime no Ippo,https://youtube.com/watch?v=rapewtS7bcE,1114637,Anime,2022-06-14,True
Hunter X Hunter - Ending 5 | Hyori Ittai,Hunter x Hunter,https://youtube.com/watch?v=MCYm453CE6Y,4073173,Anime,2022-06-14,True
Hunter X Hunter - Ending 1 | Just Awake,Hunter x Hunter,https://youtube.com/watch?v=ELuVDnlB8PE,4799320,Anime,2022-06-14,True
Hunter X Hunter - Ending 2 | Hunting For Your Dream,Hunter x Hunter,https://youtube.com/watch?v=tK-d2LJlaaQ,4353879,Anime,2022-06-14,True
Hunter X Hunter - Ending 3 | Reason,Hunter x Hunter,https://youtube.com/watch?v=wnOGkmMDMuM,1369982,Anime,2022-06-14,True
Hunter X Hunter - Ending 4 | Nagareboshi Kirari,Hunter x Hunter,https://youtube.com/watch?v=kc6MHszfb2I,1522033,Anime,2022-06-14,True
Food Wars! Shokugeki no Soma OPENING 1 | Kibō no Uta (HD),Shokugeki no Soma,https://youtube.com/watch?v=vV3l_1j8pPE,4998306,Anime,2022-06-14,True
Food Wars! Shokugeki no Soma OPENING 2 | Rising Rainbow (HD),Shokugeki no Soma,https://youtube.com/watch?v=WGASdBxpVPw,1412471,Anime,2022-06-14,True
Food Wars! The Fourth Plate - Opening (HD),Shokugeki no Soma,https://youtube.com/watch?v=G_ZLpStlorE,2348204,Anime,2022-06-14,True
Food Wars! Shokugeki no Soma - Ending 1 | Spice,Shokugeki no Soma,https://youtube.com/watch?v=M_cyl6c8pMI,551015,Anime,2022-06-14,True
Yu Yu Hakusho Opening 1 in Japanese,Yu Yu Hakusho,https://youtube.com/watch?v=pK-9pAEmN9g,1530967,Anime,2022-06-14,True
ＴＶアニメ 「Ｄｒ．ＳＴＯＮＥ」 第1クールOP＜Good Morning World!＞ノンクレジット映像,Dr Stone,https://youtube.com/watch?v=tF4faMbs5oQ,21494696,Anime,2022-06-14,True
ＴＶアニメ 「Ｄｒ．ＳＴＯＮＥ」 第2クールOP＜三原色＞ノンクレジット映像,Dr Stone,https://youtube.com/watch?v=SohCAjC-Npk,11703534,Anime,2022-06-14,True
Nujabes- Mystline [Full Version],Samurai Shamploo,https://youtube.com/watch?v=FtuoEtohPv4,5375133,Anime,2022-06-14,True
Samurai Champloo – Opening Theme – Battlecry,Samurai Shamploo,https://youtube.com/watch?v=Eq6EYcpWB_c,6522988,Anime,2022-06-14,True
Samurai Champloo – Ending Theme – Shiki No Uta,Samurai Shamploo,https://youtube.com/watch?v=mQAfG3DgG7M,2076802,Anime,2022-06-14,True
Hunter x Hunter Series (1999) anime opening,Hunter x Hunter99,https://youtube.com/watch?v=hANaSlH9wpw,1661203,Anime,2022-06-14,True
Groove Adventure Rave op,Rave Master,https://youtube.com/watch?v=oTpRZqpkPQA,208861,Anime,2022-06-14,True
Mkaliez,Aldnoah Zero,https://youtube.com/watch?v=ZmbUxjXLSdE,1395583,Anime,2022-06-14,True
Sawano Hiroyuki - aLIEz Aldnoah.Zero Full Lyrics,Aldnoah Zero,https://youtube.com/watch?v=wtW529XbOyU,4088079,Anime,2022-06-14,True
アルドノア・ゼロ Aldnoah Zero OP heavenly blue 中日字幕 AI 4K (MAD) (回憶系列),Aldnoah Zero,https://youtube.com/watch?v=BsbqvIsY6-c,622186,Anime,2022-06-14,True
Aldnoah Zero  ED3(Ver.14~18) Creditless,Aldnoah Zero,https://youtube.com/watch?v=LCBGEGdWStc,32437,Anime,2022-06-14,True
Bre@th//Less,Aldnoah Zero,https://youtube.com/watch?v=rPsmJSrj4i8,785541,Anime,2022-06-14,True
Keep on Keeping on,Aldnoah Zero,https://youtube.com/watch?v=S9Fp1M2WCyU,802583,Anime,2022-06-14,True
Steins;Gate Opening HD 1080p Creditless,Steins Gate,https://youtube.com/watch?v=dd7BILZcYAY,9863630,Anime,2022-06-14,True
Steins;Gate 0 – Opening Theme – Fatima,Steins Gate,https://youtube.com/watch?v=1xJbdY9B3A8,4602041,Anime,2022-06-14,True
Tengen Toppa Gurren Lagann-Sorairo Days (Opening 1),Tengen Toppa Gurren Lagann,https://youtube.com/watch?v=93YiJx4Sj7k,632598,Anime,2022-06-14,True
BLISS -by KEN ARAI ::(Parasyte:The Maxim / Kiseijuu: Sei no Kakuritsu) OST,Parasyte,https://youtube.com/watch?v=ZQALDTVO3ZY,523284,Anime,2022-06-14,True
Parasyte Opening,Parasyte,https://youtube.com/watch?v=Rm8UjBAS3cs,13879441,Anime,2022-06-14,True
kiseijuu OST- Speak (migi's theme),Parasyte,https://youtube.com/watch?v=pcScX2Rh6qM,2334372,Anime,2022-06-14,True
Grand Blue Anime TV-size Opening,GrandBlue,https://youtube.com/watch?v=Mscy8evSJrs,657663,Anime,2022-06-14,True
Kyoukai No Kanata OP 60 FPS,Kyoukai no Kanata,https://youtube.com/watch?v=JCQ_Xjaz5ek,527003,Anime,2022-06-14,True
Hyouka Opening 1,Hyouka,https://youtube.com/watch?v=Msuu3b-L-2k,2869295,Anime,2022-06-14,True
Bakemonogatari - op 4 PL [Sengoku Nadeko],bakemonogatari,https://youtube.com/watch?v=PiauQ7P7mtQ,12955582,Anime,2022-06-14,True
Princess Mononoke - Departure to the West,Mononoke Hime,https://youtube.com/watch?v=uxLh5Ak8U4A,2823054,Anime,2022-06-14,True
Princess Mononoke Main Theme,Mononoke Hime,https://youtube.com/watch?v=nBADF1LdP3g,5937153,Anime,2022-06-14,True
One Piece Opening 1 HD 720p   Special Edition We Are!,One Piece,https://youtube.com/watch?v=HRaoYuRKBaA,9314223,Anime,2022-06-14,True
One Piece Opening 2 | 4K | 60FPS | Creditless,One Piece,https://youtube.com/watch?v=XQYURBx1u24,31098,Anime,2022-06-14,True
One Piece Opening 3 | 4K | 60FPS | Creditless,One Piece,https://youtube.com/watch?v=If4Mk2ekDhw,48547,Anime,2022-06-14,True
One Piece Opening 4 | 4K | 60FPS | Creditless,One Piece,https://youtube.com/watch?v=B0vVVxBt9gc,45620,Anime,2022-06-14,True
One Piece Opening 5 | 4K | 60FPS | Creditless,One Piece,https://youtube.com/watch?v=kBCPBUqLT8s,645191,Anime,2022-06-14,True
One Piece Opening 6 | 4K | 60FPS | Creditless,One Piece,https://youtube.com/watch?v=F0E1Rx7geOI,54417,Anime,2022-06-14,True
One Piece Opening 7 | 4K | 60FPS | Creditless,One Piece,https://youtube.com/watch?v=Vi59DzSMo6Y,18894,Anime,2022-06-14,True
One Piece Opening 8 | 4K | 60FPS | Creditless,One Piece,https://youtube.com/watch?v=dm0ZCWIX-v4,21216,Anime,2022-06-14,True
One Piece Opening 10 | 4K | 60FPS | Creditless,One Piece,https://youtube.com/watch?v=F6L3OdAeOik,39679,Anime,2022-06-14,True
One Piece Opening 11 | 4K | 60FPS | Creditless,One Piece,https://youtube.com/watch?v=FEWlyy7NkIw,92648,Anime,2022-06-14,True
One Piece Opening 12 | 4K | 60FPS | Creditless,One Piece,https://youtube.com/watch?v=xEcw60K8K-s,106024,Anime,2022-06-14,True
One Piece Opening 13 | 4K | 60FPS | Creditless,One Piece,https://youtube.com/watch?v=OTlLbfGzc4U,232068,Anime,2022-06-14,True
One Piece Opening 14 | 4K | 60FPS | Creditless,One Piece,https://youtube.com/watch?v=ec_SGv3jbWk,449886,Anime,2022-06-14,True
One Piece Opening 15 | 4K | 60FPS | Creditless,One Piece,https://youtube.com/watch?v=eMDO9crG7Aw,147195,Anime,2022-06-14,True
One Piece Opening 16 | 4K | 60FPS | Creditless,One Piece,https://youtube.com/watch?v=9bL50b7sgA8,136813,Anime,2022-06-14,True
One Piece Opening 17 | 4K | 60FPS | Creditless,One Piece,https://youtube.com/watch?v=FBLtEapqiQg,136839,Anime,2022-06-14,True
One Piece Opening 18 HD Full HD,One Piece,https://youtube.com/watch?v=jJHDDYd6PrM,3861605,Anime,2022-06-14,True
One Piece OST Overtaken,One Piece,https://youtube.com/watch?v=daFi4MScfl8,18530297,Anime,2022-06-14,True
SS Anne Theme -Pokemon Lets Go Pikachu / Eevee,Pokemon,https://youtube.com/watch?v=ZR36mJfObNA,20069,Anime,2022-06-14,True
Tears Of Life,Pokemon,https://youtube.com/watch?v=mH0008o-6cs,2743625,Anime,2022-06-14,True
Lugia's Song (Original),Pokemon,https://youtube.com/watch?v=ZqpXrDuLqE0,8991354,Anime,2022-06-14,True
Castle in the Sky - Kimi wo Nosete / Carrying You / 君をのせて,Laputa,https://youtube.com/watch?v=gdpEnkcT7Io,6465939,Anime,2022-06-14,True
Boruto Naruto the Movie OST - Spin and Burst,Boruto,https://youtube.com/watch?v=L2HsVzdA8dk,32318302,Anime,2022-06-14,True
The Promised Neverland OP Opening HD,Yakusoku no Neverland,https://youtube.com/watch?v=4GDVEl3qw2M,11048944,Anime,2022-06-14,True
The Promised Neverland OST - Isabella’s Lullaby,Yakusoku no Neverland,https://youtube.com/watch?v=rTJjtSP-ORc,27517816,Anime,2022-06-14,True
Vinland saga OP 1 (720p),Vinland Saga,https://youtube.com/watch?v=7U7BDn-gU18,4816952,Anime,2022-06-14,True
Vinland Saga Opening 2 Creditless,Vinland Saga,https://youtube.com/watch?v=6jrllECbLfA,2406108,Anime,2022-06-14,True
Vinland Saga Ending 1 (1080p),Vinland Saga,https://youtube.com/watch?v=1cYE0Bm5VKI,634806,Anime,2022-06-14,True
Vinland Saga 2019 ending 2,Vinland Saga,https://youtube.com/watch?v=MJCv3mfIvhk,503854,Anime,2022-06-14,True
Shingeki no Kyojin [Opening 1] 1080p VOSTFR,SNK,https://youtube.com/watch?v=CbvQKBaDUWI,2462935,Anime,2022-06-14,True
Shingeki no Kyojin [Opening 2] 1080p VOSTFR,SNK,https://youtube.com/watch?v=oLyy6Ue4oAY,123948,Anime,2022-06-14,True
Attack on Titan Season 2 – Opening Theme – Shinzou wo Sasageyo!,SNK,https://youtube.com/watch?v=LKP-vZvjbh8,28114405,Anime,2022-06-14,True
Attack on Titan Season 3 - Official Opening | OP1 [ RED SWAN ],SNK,https://youtube.com/watch?v=swwUoExDIng,10371775,Anime,2022-06-14,True
Attack on Titan Season 4 (Final Season) - Opening | My War,SNK,https://youtube.com/watch?v=rwCJvSKzQkc,21461498,Anime,2022-06-14,True
TVアニメ「進撃の巨人」The Final Season Part 2ノンクレジットOP ｜SiM「The Rumbling」,SNK,https://youtube.com/watch?v=2S4qGKmzBJE,50936743,Anime,2022-06-14,True
"Shingeki no Kyojin 進撃の巨人 ED / Ending - ""Utsukushiki Zankoku na Sekai"" - Yoko Hikasa",SNK,https://youtube.com/watch?v=kWUCdTngVjk,4997690,Anime,2022-06-14,True
Shingeki no Kyojin (Attack On Titan) ED2,SNK,https://youtube.com/watch?v=sFdzNhJAdco,3823134,Anime,2022-06-14,True
Attack on Titan Season 2 – Ending Theme – Yuugure no Tori,SNK,https://youtube.com/watch?v=rbfHY8mkhT8,8766059,Anime,2022-06-14,True
Attack on Titan [Season 3] - Ending 4 (Linked Horizon - Requiem der Morgenröte (暁の鎮魂歌)),SNK,https://youtube.com/watch?v=o05UK9lXtC0,4469923,Anime,2022-06-14,True
Attack on Titan S2 OST - YOUSEEBIGGIRL/T:T (Reiner and Berthold transformation theme),SNK,https://youtube.com/watch?v=pa00z_Bp2j4,7892125,Anime,2022-06-14,True
Attack On Titan OST- Call of Silence (Lyrics),SNK,https://youtube.com/watch?v=VtguFyOdj2g,25002717,Anime,2022-06-14,True
Attack on Titan S3 OST - ətˈæk 0N tάɪtn ＜WMId＞,SNK,https://youtube.com/watch?v=2JpkMXinO1M,10678231,Anime,2022-06-14,True
Attack on Titans OST - Eren's Berserk Theme,SNK,https://youtube.com/watch?v=LmPH8BTwPKU,19843917,Anime,2022-06-14,True
Attack on Titan - 'Call Your Name' with Lyrics,SNK,https://youtube.com/watch?v=pFoc5XKkIIw,39927709,Anime,2022-06-14,True
Shingeki no Kyojin (Attack on Titan) OST - Vogel im Kafig (eng subs),SNK,https://youtube.com/watch?v=M2LdF1RlSL0,16790456,Anime,2022-06-14,True
05.  Counterattack Mankind - High Quality,SNK,https://youtube.com/watch?v=4PuP7IkpRLU,16811526,Anime,2022-06-14,True
Attack on Titan 2 - 'Barricades' with Lyrics,SNK,https://youtube.com/watch?v=qAgPH1CWiAw,16232772,Anime,2022-06-14,True
Attack on Titan OST - Zero Eclipse『Historia Reiss Theme』,SNK,https://youtube.com/watch?v=bsAI-LRE5FI,10533804,Anime,2022-06-14,True
ətˈæk 0N tάɪtn,SNK,https://youtube.com/watch?v=zroFzv7sFis,6825772,Anime,2022-06-14,True
Attack on Titan Season 4 OST - Ashes on The Fire『Main Theme』,SNK,https://youtube.com/watch?v=wQUH06QRCi4,18744016,Anime,2022-06-14,True
"Demon Slayer ""Kimetsu no Yaiba""『RENGOKU』 | Mugen Train OST",Kimetsu no Yaiba,https://youtube.com/watch?v=okY92KCTrxM,1407405,Anime,2022-06-14,True
Demon Slayer - Opening 2 by Lisa “Akeboshi” 4K 60FPS,Kimetsu no Yaiba,https://youtube.com/watch?v=8-K2Xo1EEkE,390677,Anime,2022-06-14,True
Demon Slayer: Kimetsu no Yaiba - EP 19 Song『Kamado Tanjiro no Uta』,Kimetsu no Yaiba,https://youtube.com/watch?v=bq7caidfUts,11177793,Anime,2022-06-14,True
Demon Slayer: Kimetsu no Yaiba the Movie: Mugen Train OST - Akaza vs Rengoku「Official full ver.」,Kimetsu no Yaiba,https://youtube.com/watch?v=77cX0Fd1cKs,9038975,Anime,2022-06-14,True
Great Teacher Onizuka - Opening 1 | L'Arc-en-Ciel - Driver's High,GTO,https://youtube.com/watch?v=NP2qIy9AB9Q,182949,Anime,2022-06-14,True
GTO the Animation - Opening 2 | Hitori no Yoru,GTO,https://youtube.com/watch?v=xpAg0spgFJA,3135804,Anime,2022-06-14,True
Great Teacher Onizuka Ending Season 1,GTO,https://youtube.com/watch?v=Y9Y0XkSvQSI,1569730,Anime,2022-06-14,True
GTO the Animation - Ending 2 | Shizuku,GTO,https://youtube.com/watch?v=TdZjdGN5TSo,504907,Anime,2022-06-14,True
GTO 2 - Chippokena Yuuki SOUNDTRACK,GTO,https://youtube.com/watch?v=tU1bz1slD94,165780,Anime,2022-06-14,True
:: Opening 1 - Full Metal Alchemist ::,Full Metal Alchemist,https://youtube.com/watch?v=UHKSiBjrmx4,4043560,Anime,2022-06-14,True
Fullmetal Alchemist - Opening 4 HD,Full Metal Alchemist,https://youtube.com/watch?v=6FMPUhjUmRI,1601754,Anime,2022-06-14,True
Full Metal Alchemist OST 1 - Brothers,Full Metal Alchemist,https://youtube.com/watch?v=BXQLrkW33f0,6356878,Anime,2022-06-14,True
Fullmetal Alchemist Brotherhood Creditless OP 1 1080p,Full Metal Alchemist,https://youtube.com/watch?v=ShEAiFqkY0E,2435091,Anime,2022-06-14,True
Fullmetal Alchemist Brotherhood Creditless OP 2,Full Metal Alchemist,https://youtube.com/watch?v=UqIahGU9ZtY,3711416,Anime,2022-06-14,True
Fullmetal Alchemist Brotherhood OP 3 creditless,Full Metal Alchemist,https://youtube.com/watch?v=et7oxRRkPEo,3354394,Anime,2022-06-14,True
▶ Full Metal Alchemist  Brotherhood- Opening 4 HD,Full Metal Alchemist,https://youtube.com/watch?v=KMZBauH47Jo,12823968,Anime,2022-06-14,True
Fullmetal Alchemist Brotherhood Opening 5 (owned by funimation),Full Metal Alchemist,https://youtube.com/watch?v=cRA5gsdCf4c,11201123,Anime,2022-06-14,True
FullMetal Alchemist Brotherhood ED 1,Full Metal Alchemist,https://youtube.com/watch?v=PHbUcpXypd8,1748064,Anime,2022-06-14,True
Fullmetal Alchemist Brotherhood Creditless ED 2,Full Metal Alchemist,https://youtube.com/watch?v=Vi9zgj8foKo,688460,Anime,2022-06-14,True
Fullmetal Alchemist Brotherhood Creditless ED 3,Full Metal Alchemist,https://youtube.com/watch?v=yQ6Bp9E3OFA,89723,Anime,2022-06-14,True
Full Metal Alchemist Brotherhood Ending 4,Full Metal Alchemist,https://youtube.com/watch?v=yxkyElx0pXI,3817718,Anime,2022-06-14,True
Fullmetal Alchemist Brotherhood Creditless ED 5,Full Metal Alchemist,https://youtube.com/watch?v=FtQ6Oi53RH4,23291,Anime,2022-06-14,True
Fullmetal Alchemist Brotherhood OST - Lapis Philosophorum,Full Metal Alchemist,https://youtube.com/watch?v=Q_439qLQzHs,3199188,Anime,2022-06-14,True
Fullmetal Alchemist Brotherhood OST - Trisha's Lullaby,Full Metal Alchemist,https://youtube.com/watch?v=l2kwie-gs2o,9745768,Anime,2022-06-14,True
One Punch Man OST - Genos Sound - Fight Music,One Punch Man,https://youtube.com/watch?v=jjyTzL6sxdQ,14477164,Anime,2022-06-14,True
One Punch Man Opening / OP 1080p,One Punch Man,https://youtube.com/watch?v=kErJOepkDQk,3974405,Anime,2022-06-14,True
One Punch Man Ending 1080p,One Punch Man,https://youtube.com/watch?v=AFiKJNAAJoU,686880,Anime,2022-06-14,True
One Punch Man - Saitama's Theme [Ballad/Sad Ver.] FULL (HQ),One Punch Man,https://youtube.com/watch?v=Z96ModuOAQY,8800454,Anime,2022-06-14,True
One Punch Man OST -1080p- Sadness (Original),One Punch Man,https://youtube.com/watch?v=-Zm2MnYBXHY,6268402,Anime,2022-06-14,True
One punch man - OST - 08. BATTLE!!,One Punch Man,https://youtube.com/watch?v=DO2vyDeOqzo,3045786,Anime,2022-06-14,True
[ Dark Energy ] - “Lord Boros Theme” -  (Intensified and Extended)  - One Punch Man OST,One Punch Man,https://youtube.com/watch?v=CoRbgUZb0n4,4726027,Anime,2022-06-14,True
One Punch Man OST -1080p- Seigi Shikkou (Original),One Punch Man,https://youtube.com/watch?v=rW7OB_HDCGQ,4823597,Anime,2022-06-14,True
Fate Stay Night opening 1 disillusion,Fate,https://youtube.com/watch?v=Qy7Q77ZD_ME,4630418,Anime,2022-06-14,True
fate stay night opening 2,Fate,https://youtube.com/watch?v=V47Q8ir79eE,834162,Anime,2022-06-14,True
Fate/Stay Night Anime OST: Unmei no Yoru,Fate,https://youtube.com/watch?v=WJXw0lL5-vA,1847482,Anime,2022-06-14,True
Fate/stay night - Kishi Ou no Hokori [フェイト/ステイナイト - OST],Fate,https://youtube.com/watch?v=ZKCCs9DNEJs,2265243,Anime,2022-06-14,True
「Creditless」Fate/Zero OP / Opening 1「UHD 60FPS」,Fate,https://youtube.com/watch?v=GiOJEjWeShI,1230012,Anime,2022-06-14,True
Fate Zero Op 2 [NC],Fate,https://youtube.com/watch?v=O5uYQF4R-jo,1613383,Anime,2022-06-14,True
Fate Zero ED 1 HD (creditless),Fate,https://youtube.com/watch?v=ZMGcZDcoBik,358809,Anime,2022-06-14,True
BB Fate Zero Ending 2 Creditless 1080p,Fate,https://youtube.com/watch?v=F4nXMFtfucg,463206,Anime,2022-06-14,True
Fate/Zero - Back to Zero [フェイト/ゼロ - OST],Fate,https://youtube.com/watch?v=8mK_0up-LMc,5699401,Anime,2022-06-14,True
Fate Stay Night Unlimited Blade Works OP 01 IDEAL WHITE,Fate,https://youtube.com/watch?v=iw2FAJcQbWM,3806760,Anime,2022-06-14,True
Fate Stay Night Unlimited Blade Works Op 2 4K60,Fate,https://youtube.com/watch?v=QUXKOyAS4pc,111168,Anime,2022-06-14,True
Eyeshield 21 - Opening 1 | Breakthrough,Eyeshield 21,https://youtube.com/watch?v=Hi7NrTs0Wg8,537372,Anime,2022-06-14,True
Eyeshield 21 - Opening 3 | Dang Dang,Eyeshield 21,https://youtube.com/watch?v=PkdCpPK1vFY,508133,Anime,2022-06-14,True
Eyeshield 21 - Ending 2 | Blaze Away,Eyeshield 21,https://youtube.com/watch?v=4dNKiASSSOo,112782,Anime,2022-06-14,True
Eyeshield 21-Be Survivor,Eyeshield 21,https://youtube.com/watch?v=3LYdwZ40qe0,1655469,Anime,2022-06-14,True
Boku Dake Ga Inai Machi Opening,Erased,https://youtube.com/watch?v=fodAJ-1dN3I,5362794,Anime,2022-06-14,True
Boku Dake Ga Inai Machi Ending,Erased,https://youtube.com/watch?v=Od9NQbyNpwE,2492219,Anime,2022-06-14,True
Durarara!! Opening 1 HD,Durarara,https://youtube.com/watch?v=frfompwkApw,3100552,Anime,2022-06-14,True
Durarara!! Opening 2,Durarara,https://youtube.com/watch?v=PGoHzoZ2OI0,2463463,Anime,2022-06-14,True
Durarara Opening 3,Durarara,https://youtube.com/watch?v=wdSXq3PS1nc,856435,Anime,2022-06-14,True
Durarara!!x2 Ketsu Opening,Durarara,https://youtube.com/watch?v=5r0jdlfqeE4,5097919,Anime,2022-06-14,True
Durarara!! Ending 1,Durarara,https://youtube.com/watch?v=86sLUOnyCPs,3927279,Anime,2022-06-14,True
"Durarara Ending 2 ""Butterfly""",Durarara,https://youtube.com/watch?v=1ObMCd1ZHUI,167555,Anime,2022-06-14,True
Durarara Ending 3,Durarara,https://youtube.com/watch?v=iwh5Y64_GWQ,477694,Anime,2022-06-14,True
Durarara!!x2 Ketsu Ending,Durarara,https://youtube.com/watch?v=JCj3ddGBFVc,1324318,Anime,2022-06-14,True
Koutetsujou no Kabaneri - Opening 1 [HD],Koutetsujou no Kabaneri,https://youtube.com/watch?v=0w-9u4SxWwc,195705,Anime,2022-06-14,True
Koutetsujou no Kabaneri - ED TV Size [ ninelie ],Koutetsujou no Kabaneri,https://youtube.com/watch?v=X21WORLKLrE,263541,Anime,2022-06-14,True
Most Epic Battle Anime Ost- WarCry (Kabaneri of the Iron Fortress),Koutetsujou no Kabaneri,https://youtube.com/watch?v=dlvd8rBO-IE,3164298,Anime,2022-06-14,True
Dragon Ball - Makafushigi Adventure (Opening 1 HQ Audio),Dragon Ball,https://youtube.com/watch?v=FJqGirLjQn4,3621810,Anime,2022-06-14,True
Dragon Ball Z Opening (Japanese-Creditless) HQ,Dragon Ball,https://youtube.com/watch?v=ElqB359i_Os,824226,Anime,2022-06-14,True
Dragon Ball Z - We Gotta Power (Opening 2 HQ Audio).mp4,Dragon Ball,https://youtube.com/watch?v=QSOjj8Q_9b4,4611295,Anime,2022-06-14,True
Dragon Ball Z -  Ending 2  (Japanese),Dragon Ball,https://youtube.com/watch?v=86B7AtVdSVI,1217564,Anime,2022-06-14,True
Dragon Ball Z: Budokai 1 OST - Battle Theme #4 (Challengers) (1080p HD),Dragon Ball,https://youtube.com/watch?v=FZZeOh2DL7M,1577210,Anime,2022-06-14,True
Dragon Ball GT - OP Japanese HQ,Dragon Ball,https://youtube.com/watch?v=DJcuDgVYjgI,11240979,Anime,2022-06-14,True
Dragon Ball Super Soundtrack Full: Mastered Ultra Instinct - Akira Kushida,Dragon Ball,https://youtube.com/watch?v=grtO6zxMY6I,5848527,Anime,2022-06-14,True
Unmei no Hi: Tamashi tai Tamashi [GOHAN SSJ2 THEME],Dragon Ball,https://youtube.com/watch?v=PGnL9Lk_4pk,7015422,Anime,2022-06-14,True
『AMV Lyrics』Dragon Ball Z: Kami To Kami〈 Hero Kibou No Uta - Flow 〉,Dragon Ball,https://youtube.com/watch?v=2VXoMPuue2I,9430,Anime,2022-06-14,True
detective conan - opening FR,Detective Conan,https://youtube.com/watch?v=6u_i5GmROis,93320,Anime,2022-06-14,True
Case Closed Theme Song,Detective Conan,https://youtube.com/watch?v=LEbRvORwrY0,2428158,Anime,2022-06-14,True
Death Note OP 1 [NC],Death Note,https://youtube.com/watch?v=8QE9cmfxx4s,30844316,Anime,2022-06-14,True
Death Note Op 2 [NC],Death Note,https://youtube.com/watch?v=17QwzxR81XQ,8292760,Anime,2022-06-14,True
Death Note Ending 1 Sub Ita (Alumina),Death Note,https://youtube.com/watch?v=SKWU3tyWnwA,5075696,Anime,2022-06-14,True
Death Note Ending 2,Death Note,https://youtube.com/watch?v=q-TfovUbqgQ,2906370,Anime,2022-06-14,True
L's theme A,Death Note,https://youtube.com/watch?v=qR6dzwQahOM,10460974,Anime,2022-06-14,True
Death Note OST- 07- Solitude (孤独 Kodoku),Death Note,https://youtube.com/watch?v=XAFkWDLZ6YM,2297872,Anime,2022-06-14,True
Kira Theme,Death Note,https://youtube.com/watch?v=3e90dlk8vts,4566780,Anime,2022-06-14,True
"Death Note OST I - ""Light's Theme""",Death Note,https://youtube.com/watch?v=5tpzBgWHNDk,996739,Anime,2022-06-14,True
▶Deadman Wonderland opening HD,Deadman Wonderland,https://youtube.com/watch?v=_5WvUPHF5f8,951577,Anime,2022-06-14,True
Cowboy Bebop opening (Tank!),Cowboy Bebop,https://youtube.com/watch?v=T6zDfxZ4NcE,5536646,Anime,2022-06-14,True
Un monde sans danger,Code Lyoko,https://youtube.com/watch?v=L8U-Fisq3Yk,2450914,Anime,2022-06-14,True
Code Geass – Official Opening – COLORS,Code Geass,https://youtube.com/watch?v=G8CFuZ9MseQ,12235153,Anime,2022-06-14,True
[HQ] Code Geass - Opening 2 - ♪♪ Kaidoku Funou ♪♪,Code Geass,https://youtube.com/watch?v=0-Tivlwd6eY,308905,Anime,2022-06-14,True
Code Geass Opening 3 HD,Code Geass,https://youtube.com/watch?v=xh_SoTWBVHU,1743888,Anime,2022-06-14,True
code geass opening 4,Code Geass,https://youtube.com/watch?v=bTU9RfI8WBk,1519927,Anime,2022-06-14,True
Code Geass R2 Textless Opening 2 Worlds End,Code Geass,https://youtube.com/watch?v=osKkMKolWQ8,5176275,Anime,2022-06-14,True
Code Geass - Ending 1 VOSTFR,Code Geass,https://youtube.com/watch?v=J7DP9wivIOg,1440991,Anime,2022-06-14,True
Code Geass - Ending 2 [HD],Code Geass,https://youtube.com/watch?v=SdCXy3sw0uE,1773724,Anime,2022-06-14,True
Code Geass Ending 3,Code Geass,https://youtube.com/watch?v=T03jvnfD-lE,347600,Anime,2022-06-14,True
Code Geass - Ending 5 VOSTFR,Code Geass,https://youtube.com/watch?v=u0sjbtglLS4,422808,Anime,2022-06-14,True
Code geass OST The master,Code Geass,https://youtube.com/watch?v=K-tj_IzTJ2Y,1958406,Anime,2022-06-14,True
Stories,Code Geass,https://youtube.com/watch?v=6G0NFv3738s,615848,Anime,2022-06-14,True
Emotional OST of the Day No. 52: Code Geass - ''Masquerade'',Code Geass,https://youtube.com/watch?v=1b0n10Ytidg,1134387,Anime,2022-06-14,True
All Hail Britannia!!!,Code Geass,https://youtube.com/watch?v=CCIK0jg-yxk,458203,Anime,2022-06-14,True
Code Geass - Innocent Days,Code Geass,https://youtube.com/watch?v=FRGdEBBKA-M,1340524,Anime,2022-06-14,True
Continued Story,Code Geass,https://youtube.com/watch?v=s9wsRRlTL3s,570544,Anime,2022-06-14,True
"Bokuwa, Tori ni Naru.",Code Geass,https://youtube.com/watch?v=uPWqEy-d8mY,250795,Anime,2022-06-14,True
Emotional OST Collection: Madder Sky,Code Geass,https://youtube.com/watch?v=t2tGEiYU9KU,4923915,Anime,2022-06-14,True
Code Geass R2 O.S.T. #10 - What's Justice,Code Geass,https://youtube.com/watch?v=ArjtnKFUVnM,1030252,Anime,2022-06-14,True
Beautiful Emperor,Code Geass,https://youtube.com/watch?v=PVafzgmusjs,201006,Anime,2022-06-14,True
The Knight,Code Geass,https://youtube.com/watch?v=AlHeceIl-3Y,72853,Anime,2022-06-14,True
Siegfried,Code Geass,https://youtube.com/watch?v=wl8_bf_9tGU,63235,Anime,2022-06-14,True
Les Mystérieuses Cités d'Or * French Opening,Cite D or,https://youtube.com/watch?v=9w_zn3uRwPU,15912503,Anime,2022-06-14,True
Olive et Tom - Générique Officiel,Captain Tsubasa,https://youtube.com/watch?v=juQl2UbcD7w,1560251,Anime,2022-06-14,True
OP - Bungo Stray Dogs,Bungo Stray Dogs,https://youtube.com/watch?v=tvHqaimwcKE,10695131,Anime,2022-06-14,True
OP - Bungo Stray Dogs 2,Bungo Stray Dogs,https://youtube.com/watch?v=v9OhNoPAZJY,8733054,Anime,2022-06-14,True
Bungou stray dogs op 3,Bungo Stray Dogs,https://youtube.com/watch?v=F0Q9zRu9sZY,1329716,Anime,2022-06-14,True
My Hero Academia – Opening Theme – The Day,Boku no Hero,https://youtube.com/watch?v=yu0HjPzFYnY,28547446,Anime,2022-06-14,True
My Hero Academia - Opening 2 | Peace Sign,Boku no Hero,https://youtube.com/watch?v=Q7w5IMyJ3pM,32789552,Anime,2022-06-14,True
My Hero Academia Season 3 – Opening Theme – ODD FUTURE,Boku no Hero,https://youtube.com/watch?v=v1YojYU5nPQ,89093217,Anime,2022-06-14,True
『僕のヒーローアカデミア』ヒロアカ3期ノンクレジットOPムービー Vol.2／OPテーマ：「Make my story」Lenny code fiction,Boku no Hero,https://youtube.com/watch?v=WUDWBg4cFiw,6774183,Anime,2022-06-14,True
『僕のヒーローアカデミア』#ヒロアカ TVアニメ第4期ノンクレジットOPムービー／OPテーマ：「ポラリス」BLUE ENCOUNT／ブルエン／ヒーローインターン編,Boku no Hero,https://youtube.com/watch?v=VtNgeDxYJzE,15698353,Anime,2022-06-14,True
ヒロアカ TVアニメ4期「文化祭編」ノンクレジットOPムービー／『僕のヒーローアカデミア』／OPテーマ：「スターマーカー」KANA-BOON,Boku no Hero,https://youtube.com/watch?v=MdfFVdFWl1U,11600452,Anime,2022-06-14,True
My Hero Academia – Ending Theme – HEROES,Boku no Hero,https://youtube.com/watch?v=YRU7MZWDmgg,5409871,Anime,2022-06-14,True
"My Hero Academia Season 2 – Ending Theme – Dakara, Hitori ja nai",Boku no Hero,https://youtube.com/watch?v=YqIBL3_uEAw,1416036,Anime,2022-06-14,True
My Hero Academia Season 3 – Ending Theme – Update,Boku no Hero,https://youtube.com/watch?v=_A5vGzbp6Tw,5648262,Anime,2022-06-14,True
My Hero Academia Season 2 – Ending Theme 2 – Datte Atashi no Hero.,Boku no Hero,https://youtube.com/watch?v=C0AcfFDbXQA,3650978,Anime,2022-06-14,True
My Hero Academia OST - You Say Run,Boku no Hero,https://youtube.com/watch?v=iYZIUtDAFIw,21765353,Anime,2022-06-14,True
ヒロアカ5期OP②/『僕のヒーローアカデミア』TVアニメ5期第2クールノンクレジットオープニングムービー／OPテーマ:「Merry-Go-Round」MAN WITH A MISSION,Boku no Hero,https://youtube.com/watch?v=KI17EkQBEc0,5481260,Anime,2022-06-14,True
「Creditless」Blue Exorcist OP / Opening 2「UHD 60FPS」,Ao no Exorcist,https://youtube.com/watch?v=9cl8jHnsYB8,174840,Anime,2022-06-14,True
「Creditless」Blue Exorcist OP / Opening 3「UHD 60FPS」,Ao no Exorcist,https://youtube.com/watch?v=FMBPrQvojR4,81291,Anime,2022-06-14,True
Blue Exorcist 2PM Take Off ED 1 SUB,Ao no Exorcist,https://youtube.com/watch?v=edjdiB7bXJs,43227,Anime,2022-06-14,True
Black Lagoon – Opening Theme – Red Fraction,Black Lagoon,https://youtube.com/watch?v=dWfxcRj39tg,2869476,Anime,2022-06-14,True
Black Lagoon Ost 02 - Tear Drops to Earth,Black Lagoon,https://youtube.com/watch?v=6tMsf9ptTHI,283260,Anime,2022-06-14,True
Angel Beats! - Opening 1,Angel Beats,https://youtube.com/watch?v=Turf7WDB3iY,2290243,Anime,2022-06-14,True
Angel Beats Episode 13 Ending (With Brave Song),Angel Beats,https://youtube.com/watch?v=Yk9zaP1E_JE,46387,Anime,2022-06-14,True
Angel Beats OST - Unjust Life,Angel Beats,https://youtube.com/watch?v=eJIfjTGDfOE,1657622,Anime,2022-06-14,True
Angel Beats OST - Theme of SSS,Angel Beats,https://youtube.com/watch?v=-_kW1V1ya6w,1602315,Anime,2022-06-14,True
Angel Beats! - Ichiban no Takaramono (Yui final ver.),Angel Beats,https://youtube.com/watch?v=tm7Xf9818FM,26768930,Anime,2022-06-14,True
Angel Beats OST - Otonashi,Angel Beats,https://youtube.com/watch?v=hWVuQbcvADw,521767,Anime,2022-06-14,True
Girls Dead Monster - Crow Song,Angel Beats,https://youtube.com/watch?v=sdPwvBJiQJY,10078224,Anime,2022-06-14,True
Bleach Opening 1 HD,Bleach,https://youtube.com/watch?v=Q_NO5A-lgqY,175779,Anime,2022-06-14,True
Bleach Opening 2,Bleach,https://youtube.com/watch?v=92TEcszkRBw,10306177,Anime,2022-06-14,True
Bleach - Opening 3 | Ichirin no Hana,Bleach,https://youtube.com/watch?v=2edBgIH7y68,5324999,Anime,2022-06-14,True
Bleach Opening 5,Bleach,https://youtube.com/watch?v=YTMrvnyhMac,6023074,Anime,2022-06-14,True
Bleach Opening 6 Creditless,Bleach,https://youtube.com/watch?v=gxTIr0o1GiE,724528,Anime,2022-06-14,True
Bleach - Opening 7 | After Dark,Bleach,https://youtube.com/watch?v=OvahxFH7IGg,6552308,Anime,2022-06-14,True
Bleach - Opening 9 | Velonica,Bleach,https://youtube.com/watch?v=7O87OdsVOIE,6883393,Anime,2022-06-14,True
Bleach - Opening 10 | Shojo S,Bleach,https://youtube.com/watch?v=b9vIpu0kAbE,3995468,Anime,2022-06-14,True
Bleach - Opening 11 | Anima Rossa,Bleach,https://youtube.com/watch?v=VUgxCUd3Bsk,2385523,Anime,2022-06-14,True
Bleach - Opening 13 | Ranbu no Melody,Bleach,https://youtube.com/watch?v=XXjgwpayNoM,14231292,Anime,2022-06-14,True
Bleach - Opening 14 | BLUE,Bleach,https://youtube.com/watch?v=ifrTLAd6UQY,2350269,Anime,2022-06-14,True
Bleach - Ending 6 | My Pace,Bleach,https://youtube.com/watch?v=PHaJz21v8Xs,1136280,Anime,2022-06-14,True
Bleach OST 3-Clavar La Espada,Bleach,https://youtube.com/watch?v=suwfJMiXauU,20227150,Anime,2022-06-14,True
Bleach OST - Invasion,Bleach,https://youtube.com/watch?v=PA6ZAlPcovg,5715385,Anime,2022-06-14,True
Bleach - Ichigo's Theme - Number One,Bleach,https://youtube.com/watch?v=1lsn2tT5yTc,33571682,Anime,2022-06-14,True
Treachery (Sosuke Aizen's Theme) - Bleach OST - Extended High Quality,Bleach,https://youtube.com/watch?v=yoCDlOLN9Y8,6137407,Anime,2022-06-14,True
Naruto Shippuden Opening 1 | Hero's Come Back!! (HD),Naruto Shippuden,https://youtube.com/watch?v=vxvP9zSOL7s,26633781,Anime,2022-06-14,True
Naruto Shippuden Opening 2 | Distance (HD),Naruto Shippuden,https://youtube.com/watch?v=mFLZ-I2r3Mc,9050545,Anime,2022-06-14,True
Naruto Shippuden Opening 3 | Blue Bird (HD),Naruto Shippuden,https://youtube.com/watch?v=aJRu5ltxXjc,60127855,Anime,2022-06-14,True
Naruto Shippuden Opening 4 | Closer (HD),Naruto Shippuden,https://youtube.com/watch?v=kmL3EuiiWXM,18540573,Anime,2022-06-14,True
Naruto Shippuden Opening 5 | Hotaru no Hikari (HD),Naruto Shippuden,https://youtube.com/watch?v=H3aqR_n3sM4,16736757,Anime,2022-06-14,True
Naruto Shippuden Opening 6 | Sign (HD),Naruto Shippuden,https://youtube.com/watch?v=SavhHnWla6c,34313277,Anime,2022-06-14,True
Naruto Shippuden Opening 7 | Toumei Datta Sekai (HD),Naruto Shippuden,https://youtube.com/watch?v=lGTp4VogNaQ,20873137,Anime,2022-06-14,True
Naruto Shippuden Opening 8 | Diver (HD),Naruto Shippuden,https://youtube.com/watch?v=L2ncHzfts_0,12897739,Anime,2022-06-14,True
Naruto Shippuden Opening 9 | Lovers (HD),Naruto Shippuden,https://youtube.com/watch?v=KmrTuNXVrf4,15209177,Anime,2022-06-14,True
Naruto Shippuden Opening 10 | Newsong (HD),Naruto Shippuden,https://youtube.com/watch?v=yu12tTrkJ-g,8607319,Anime,2022-06-14,True
Naruto Shippuden Opening 11 | Totsugeki Rock (HD),Naruto Shippuden,https://youtube.com/watch?v=ZR5ZCVQ0puE,7656242,Anime,2022-06-14,True
Naruto Shippuden Opening 12 | Moshimo (HD),Naruto Shippuden,https://youtube.com/watch?v=PBsMuTPEJ_A,9069242,Anime,2022-06-14,True
Naruto Shippuden Opening 13 | Niwaka Ame ni mo Makezu (HD),Naruto Shippuden,https://youtube.com/watch?v=cjbA7th2rWo,6616056,Anime,2022-06-14,True
Naruto Shippuden Opening 14 | Tsuki no Ookisa (HD),Naruto Shippuden,https://youtube.com/watch?v=lBPqob1QYL4,12117774,Anime,2022-06-14,True
Naruto Shippuden Opening 15 | Guren (HD),Naruto Shippuden,https://youtube.com/watch?v=_I1N2JFDBwU,6859736,Anime,2022-06-14,True
Naruto Shippuden Opening 16 | Silhouette (HD),Naruto Shippuden,https://youtube.com/watch?v=uCbpPfnfQ7U,18174854,Anime,2022-06-14,True
Naruto Shippuden Opening 17 | Kaze (HD),Naruto Shippuden,https://youtube.com/watch?v=0Uk1OeC7-4g,9222186,Anime,2022-06-14,True
Naruto Shippuden Opening 18 | LINE (HD),Naruto Shippuden,https://youtube.com/watch?v=HdgD7E6JEE4,6543236,Anime,2022-06-14,True
Naruto Shippuden Opening 19 | Blood Circulator (HD),Naruto Shippuden,https://youtube.com/watch?v=VMkg2F4QfIA,9922227,Anime,2022-06-14,True
Naruto Shippuden Opening 20 | Kara no Kokoro (HD),Naruto Shippuden,https://youtube.com/watch?v=xQKlfIeqTGM,10109271,Anime,2022-06-14,True
Naruto Shippuden Ending 1 | Nagareboshi ~Shooting Star~ (HD),Naruto Shippuden,https://youtube.com/watch?v=jFRfbctNXhU,2198888,Anime,2022-06-14,True
Naruto Shippuden Ending 2 | Michi ~ To You All (HD),Naruto Shippuden,https://youtube.com/watch?v=IVrGHp3aRbs,1054480,Anime,2022-06-14,True
Naruto Shippuden Ending 3 | Kimi Monogatari (HD),Naruto Shippuden,https://youtube.com/watch?v=XYNHGmRBvY0,807779,Anime,2022-06-14,True
Naruto Shippuden Ending 4 | Mezamero! Yasei (HD),Naruto Shippuden,https://youtube.com/watch?v=ObkarhFSAtg,903734,Anime,2022-06-14,True
Naruto Shippuden Ending 5 | Sunao Na Niji (HD),Naruto Shippuden,https://youtube.com/watch?v=EcMLlsH2rfc,477385,Anime,2022-06-14,True
Naruto Shippuden Ending 6 | Broken Youth (HD),Naruto Shippuden,https://youtube.com/watch?v=GUOxnd_myrI,2919325,Anime,2022-06-14,True
Naruto Shippuden Ending 7 | Long Kiss Good Bye (HD),Naruto Shippuden,https://youtube.com/watch?v=heMBf1ESFtk,2294029,Anime,2022-06-14,True
Naruto Shippuden - Ending 8 | Bring it On,Naruto Shippuden,https://youtube.com/watch?v=ScQKD9vS5ag,4407184,Anime,2022-06-14,True
Naruto Shippuden Ending 9 | Shinkokyuu (HD),Naruto Shippuden,https://youtube.com/watch?v=oUyQK2ixzx4,1518269,Anime,2022-06-14,True
Naruto Shippuden Ending 10 | My Answer (HD),Naruto Shippuden,https://youtube.com/watch?v=W5xxX4swaA4,3096509,Anime,2022-06-14,True
Naruto Shippuden Ending 11 | Omae Dattanda (HD),Naruto Shippuden,https://youtube.com/watch?v=ptYvOVsneiE,1796844,Anime,2022-06-14,True
Naruto Shippuden Ending 12 | For You (HD),Naruto Shippuden,https://youtube.com/watch?v=67xzoWFas-0,6906302,Anime,2022-06-14,True
Naruto Shippuden Ending 13 | Jitensha (HD),Naruto Shippuden,https://youtube.com/watch?v=Dqn4fydZKLk,1407919,Anime,2022-06-14,True
Naruto Shippuden Ending 14 | Utakata Hanabi (HD),Naruto Shippuden,https://youtube.com/watch?v=s9PTEjzvUKI,1323986,Anime,2022-06-14,True
Naruto Shippuden - Ending 15 | U Can Do It,Naruto Shippuden,https://youtube.com/watch?v=fU4zb23tKLM,7684576,Anime,2022-06-14,True
Naruto Shippuden Ending 16 | Mayonaka No Orchestra (HD),Naruto Shippuden,https://youtube.com/watch?v=CjQmE3MWU1M,1610016,Anime,2022-06-14,True
Naruto Shippuden Ending 17 | FREEDOM (HD),Naruto Shippuden,https://youtube.com/watch?v=FOJoHAP03Yg,1277400,Anime,2022-06-14,True
Naruto Shippuden Ending 18 | Yokubou o Sakebe!!! (HD),Naruto Shippuden,https://youtube.com/watch?v=izxX6v3Cdds,726548,Anime,2022-06-14,True
Naruto Shippuden Ending 19 | Place to Try (HD),Naruto Shippuden,https://youtube.com/watch?v=yiiQD66xsZE,1680226,Anime,2022-06-14,True
Naruto Shippuden Ending 20 | By My Side (HD),Naruto Shippuden,https://youtube.com/watch?v=bYN-JCrO_4E,1195231,Anime,2022-06-14,True
Naruto Shippuden Ending 21 | Cascade (HD),Naruto Shippuden,https://youtube.com/watch?v=KR8RXZdHmnE,2365537,Anime,2022-06-14,True
Naruto Shippuden Ending 24 | Sayonara Memory (HD),Naruto Shippuden,https://youtube.com/watch?v=vxMzWmwTr-g,1541584,Anime,2022-06-14,True
Naruto Shippuden Ending 33 | Kotoba no Iranai Yakusoku (HD),Naruto Shippuden,https://youtube.com/watch?v=1WIjnkMsc7E,3340688,Anime,2022-06-14,True
Naruto Shippuden OST 1 - Track 02 - Douten ( Heaven Shaking Event ),Naruto Shippuden,https://youtube.com/watch?v=JuFvlh9pcpw,13647599,Anime,2022-06-14,True
Naruto Shippuden OST- My Name,Naruto Shippuden,https://youtube.com/watch?v=D86itLlFeTs,18808107,Anime,2022-06-14,True
Naruto Shippuden OST - Departure To The Front Lines,Naruto Shippuden,https://youtube.com/watch?v=2ISfifczkgM,19102783,Anime,2022-06-14,True
Naruto Shippuden OST - The Guts To Never Give Up,Naruto Shippuden,https://youtube.com/watch?v=HKl1mx7UIbE,6215404,Anime,2022-06-14,True
Naruto Shippuden OST 1 - Track 01 - Shippuuden,Naruto Shippuden,https://youtube.com/watch?v=FKmlDX92IeQ,11831487,Anime,2022-06-14,True
Naruto Shippuden OST 1 - Track 04 - Sengunbanba ( Experienced Many Battles ),Naruto Shippuden,https://youtube.com/watch?v=cu_cq9WatBY,5873980,Anime,2022-06-14,True
Naruto Shippuden OST 1 - Track 05 - Denkousekka ( Lightning Speed ),Naruto Shippuden,https://youtube.com/watch?v=Qmf1l5z8kIQ,6462016,Anime,2022-06-14,True
Naruto Shippuden OST 1 - Track 07 - Utsusemi ( Man Of The World ),Naruto Shippuden,https://youtube.com/watch?v=qbXVmiFr4-8,5153827,Anime,2022-06-14,True
Naruto Shippuden OST 1 - Track 08 - Shutsujin ( Departure To The Front Lines ),Naruto Shippuden,https://youtube.com/watch?v=BoflShxmf_s,5929166,Anime,2022-06-14,True
Naruto Shippuden OST 1 - Track 13 - Kodoku ( Loneliness ),Naruto Shippuden,https://youtube.com/watch?v=pmbJ4zI788c,4446869,Anime,2022-06-14,True
Naruto Opening 1 | R★O★C★K★S (HD),Naruto,https://youtube.com/watch?v=4t__wczfpRI,9204032,Anime,2022-06-14,True
Naruto Opening 2 | Haruka Kanata (HD),Naruto,https://youtube.com/watch?v=SRn99oN1p_c,22532222,Anime,2022-06-14,True
Naruto Opening 3 | Kanashimi Wo Yasashisa Ni (HD),Naruto,https://youtube.com/watch?v=XwJEFzsqNoY,13293433,Anime,2022-06-14,True
Naruto Opening 4 | GO!!! (HD),Naruto,https://youtube.com/watch?v=xjBTNbEXbAA,19421380,Anime,2022-06-14,True
Naruto Opening 5 | Seishun Kyousoukyoku (HD),Naruto,https://youtube.com/watch?v=lilv4MvBY6E,13961341,Anime,2022-06-14,True
"Naruto Opening 6 | No Boy, No Cry (HD)",Naruto,https://youtube.com/watch?v=pWyoHrMzAZQ,7576061,Anime,2022-06-14,True
Naruto Opening 7 | Namikaze Satellite (HD),Naruto,https://youtube.com/watch?v=pY15k20Hqq0,6399362,Anime,2022-06-14,True
Naruto Opening 8 | Re:member (HD),Naruto,https://youtube.com/watch?v=yB2g22359Fg,5172701,Anime,2022-06-14,True
Naruto Opening 9 | Yura Yura (HD),Naruto,https://youtube.com/watch?v=-m8kR0FQ7Wk,7316014,Anime,2022-06-14,True
Naruto Ending 1 | Wind (HD),Naruto,https://youtube.com/watch?v=Oyhpwyrq1N0,7485386,Anime,2022-06-14,True
Naruto Ending 3 | Viva★Rock Japanese Side (HD),Naruto,https://youtube.com/watch?v=pZaRs2bvy4U,1305609,Anime,2022-06-14,True
Naruto Ending 4 | ALIVE (HD),Naruto,https://youtube.com/watch?v=jw6Rvy39_gc,483231,Anime,2022-06-14,True
Naruto Ending 5 | Ima Made Nando Mo (HD),Naruto,https://youtube.com/watch?v=ZKd5C6w7UvA,1011085,Anime,2022-06-14,True
Naruto Ending 6 | Ryuusei (HD),Naruto,https://youtube.com/watch?v=5z5-Ly_VbXk,745239,Anime,2022-06-14,True
Naruto Ending 7 | Mountain A Go Go Two (HD),Naruto,https://youtube.com/watch?v=_kjd_3viXu0,775702,Anime,2022-06-14,True
Naruto Ending 8 | Hajimete Kimi To Shabetta (HD),Naruto,https://youtube.com/watch?v=s2rCblHEYZs,486177,Anime,2022-06-14,True
Naruto Ending 9 | Nakushita Kotoba (HD),Naruto,https://youtube.com/watch?v=TPYBJUT3XNw,386916,Anime,2022-06-14,True
Naruto Ending 10 | Speed (HD),Naruto,https://youtube.com/watch?v=A7pi4-Et5lY,629435,Anime,2022-06-14,True
Naruto Ending 11 | Soba Ni Iru Kara (HD),Naruto,https://youtube.com/watch?v=b5DOukHM3WE,338923,Anime,2022-06-14,True
Naruto Ending 12 | Parade (HD),Naruto,https://youtube.com/watch?v=xfI6B1Auh-k,1340877,Anime,2022-06-14,True
Naruto Ending 13 | Yellow Moon (HD),Naruto,https://youtube.com/watch?v=xPNyvbkrFbY,432601,Anime,2022-06-14,True
Naruto Ending 14 | Pinocchio (HD),Naruto,https://youtube.com/watch?v=0gUrP6onHr8,243865,Anime,2022-06-14,True
Naruto Ending 15 | Scenario (HD),Naruto,https://youtube.com/watch?v=j65Koam6avI,611490,Anime,2022-06-14,True
Naruto Soundtrack - Naruto Main Theme,Naruto,https://youtube.com/watch?v=HQ0kEKKRWzk,18303288,Anime,2022-06-14,True
Naruto Soundtrack - The Raising Fighting Spirit,Naruto,https://youtube.com/watch?v=sNjtroPFQ1s,15846197,Anime,2022-06-14,True
Naruto OST 2 - Hinata vs Neji,Naruto,https://youtube.com/watch?v=e2tiZGy4z8U,3948630,Anime,2022-06-14,True
Naruto OST 2 - Alone,Naruto,https://youtube.com/watch?v=N4_wifjVkmA,2673240,Anime,2022-06-14,True
Naruto OST 2 - Avenger,Naruto,https://youtube.com/watch?v=NV29O-VEmZw,3096795,Anime,2022-06-14,True
Naruto Soundtrack - Grief And Sorrow,Naruto,https://youtube.com/watch?v=u2oql-D7euc,4219238,Anime,2022-06-14,True
Naruto OST - Tenten Theme,Naruto,https://youtube.com/watch?v=xGZH3djutZ8,2728430,Anime,2022-06-14,True
Naruto OST - Jiraiya Theme,Naruto,https://youtube.com/watch?v=t_9b1dTlXOQ,234730,Anime,2022-06-14,True
