,videoTitle,videoPlaylist,videoURL,videoView,videoType,dateDL,isAvailable
0,Amagi Brilliant Park Opening,Amagi Brillant Park,https://youtube.com/watch?v=z-ijjsvfC_o,2321850,Anime,2023-01-16,True
1,91 Days - Opening | Signal,91 Days,https://youtube.com/watch?v=jkd__a6WmS4,1193868,Anime,2023-01-16,True
2,SPY x FAMILY OP / Opening 1「UHD 60FPS」,Spy x Family,https://youtube.com/watch?v=EzGs8Tm_C2g,3846898,Anime,2023-01-16,True
3,Kekkai Sensen Creditless Opening HD,Kekkai Sensen,https://youtube.com/watch?v=3XiYyiwFNRo,282473,Anime,2023-01-16,True
4,Initial D - Deja Vu,Initial D,https://youtube.com/watch?v=dv13gl0a-FA,148332771,Anime,2023-01-16,True
5,Initial D - Night Of Fire,Initial D,https://youtube.com/watch?v=SRbhLtjOiRc,19840883,Anime,2023-01-16,True
6,Initial D - Running in The 90s,Initial D,https://youtube.com/watch?v=XCiDuy4mrWU,37525102,Anime,2023-01-16,True
7,Manuel - Gas Gas Gas,Initial D,https://youtube.com/watch?v=atuFSv2bLa8,82004840,Anime,2023-01-16,True
8,Initial D - Don't Stop The Music,Initial D,https://youtube.com/watch?v=sFODclG8mBY,22329675,Anime,2023-01-16,True
9,Initial D - Remember Me,Initial D,https://youtube.com/watch?v=ueYz7qoVCnQ,4092367,Anime,2023-01-16,True
10,「K RETURN OF KINGS」エンディング映像,K,https://youtube.com/watch?v=nozJanOKNKs,1677491,Anime,2023-01-16,True
11,「K RETURN OF KINGS」オープニング映像,K,https://youtube.com/watch?v=0xTEksnrmEw,3296327,Anime,2023-01-16,True
12,secret base ~Kimi ga Kureta Mono~ (10 years after ver.) - AnoHana ED - Lyrics,Secret Base,https://youtube.com/watch?v=SJywJjwqIK8,10309525,Anime,2023-01-16,True
13,Soul Eater - Opening | Resonance,Soul Eater,https://youtube.com/watch?v=zzJ8U8OtEsE,30622481,Anime,2023-01-16,True
14,Fairy Tail - Opening 1 (Creditless) (HD - 60 fps),Fairy Tail,https://youtube.com/watch?v=9jvVBVcZ0-Y,1175177,Anime,2023-01-16,True
15,Gerudo Valley - The Legend of Zelda: Ocarina Of Time,Zelda,https://youtube.com/watch?v=0hEYvdMoF2g,9229662,Anime,2023-01-16,True
16,Sonic The Hedgehog OST - Green Hill Zone,Sonic,https://youtube.com/watch?v=G-i8HYi1QH0,8906954,Anime,2023-01-16,True
17,Guile's theme extended,Street Fighter,https://youtube.com/watch?v=JGw8DWctAts,9900140,Anime,2023-01-16,True
18,Super Smash Bros. Ultimate Main Theme - Lifelight,SSBU,https://youtube.com/watch?v=EhgDibw7vB4,20127923,Anime,2023-01-16,True
19,BTOOOM! - Opening VO,BTOOOM,https://youtube.com/watch?v=5GjbLOe_cgw,2542010,Anime,2023-01-16,True
20,Btooom! Opening 2 HD 1080p,BTOOOM,https://youtube.com/watch?v=bpF2pvBHklc,227239,Anime,2023-01-16,True
21,Btooom! ED Sub Español,BTOOOM,https://youtube.com/watch?v=VjxVcupCJ38,41306,Anime,2023-01-16,True
22,GOBLIN SLAYER - Opening | Rightfully,Goblin Slayer,https://youtube.com/watch?v=0i0z98M2y5U,8256257,Anime,2023-01-16,True
23,Overlord III - Opening | VORACITY,Overlord,https://youtube.com/watch?v=vci9YwpFFcA,10965886,Anime,2023-01-16,True
24,Overlord - Opening | Clattanoia,Overlord,https://youtube.com/watch?v=KOWcj7XKnfQ,24366030,Anime,2023-01-16,True
25,Overlord II - Opening | Go Cry Go,Overlord,https://youtube.com/watch?v=v4OKxyQdTvg,2840279,Anime,2023-01-16,True
26,Overlord - Ending Theme 1,Overlord,https://youtube.com/watch?v=ChayFwyFvPk,2178838,Anime,2023-01-16,True
27,"""Kawaki wo Ameku (カワキヲアメク)"" by Minami | Domestic Girlfriend",Domestic Girlfriend,https://youtube.com/watch?v=Ua5UARWRYLA,16147138,Anime,2023-01-16,True
28,Rent-a-Girlfriend - Opening | Centimeter,Kanojo Okarishimasu,https://youtube.com/watch?v=cM1WSovcn4I,14729164,Anime,2023-01-16,True
29,Ballroom e Youkoso opening 1,Ballroom e Youkoso,https://youtube.com/watch?v=EefNiVvWAB0,868430,Anime,2023-01-16,True
30,Bakuman S2 OP2 - Dream of Life English Lyrics (Season / Series 2 Opening + Subtitles),Bakuman,https://youtube.com/watch?v=kkEQ58iMmNg,1277934,Anime,2023-01-16,True
31,Charlotte Opening 1080p (FULL HD),Charlotte,https://youtube.com/watch?v=zp46Remynxs,670767,Anime,2023-01-16,True
32,【4K60fps】灼け落ちない翼 / Charlotte ED【2160p】,Charlotte,https://youtube.com/watch?v=5hGuS_-H74c,77874,Anime,2023-01-16,True
33,Gundam Build Fighters Opening 1 ~Nibun no Nichi~ (HD),Gundam,https://youtube.com/watch?v=xSyvqAdcMgE,26943,Anime,2023-01-16,True
34,Arslan senki ending 1,Arslan Senki,https://youtube.com/watch?v=hUrpLT2e4VY,199261,Anime,2023-01-16,True
35,Re:ZERO - Starting Life in Another World - Ending,Re Zero Kara Hajimaru Isekai Seikatsu,https://youtube.com/watch?v=gIGEbitYqL0,2558652,Anime,2023-01-16,True
36,スパークル [original ver.] -Your name. Music Video edition- 予告編 from new album「人間開花」初回盤DVD,Kimi no Na Wa,https://youtube.com/watch?v=a2GujJZfXpg,156275402,Anime,2023-01-16,True
37,Nandemonaiya - movie ver.,Kimi no Na Wa,https://youtube.com/watch?v=n89SKAymNfA,36757503,Anime,2023-01-16,True
38,AMV   Kimi no Na wa  Original Zen Zen Zense,Kimi no Na Wa,https://youtube.com/watch?v=n4o-i71Jz4E,3430876,Anime,2023-01-16,True
39,[AMV] Kimi No Na Wa OP: Yumetourou - RADWIMPS,Kimi no Na Wa,https://youtube.com/watch?v=lFsg_sDwlak,1918012,Anime,2023-01-16,True
40,Katawaredoki,Kimi no Na Wa,https://youtube.com/watch?v=mhpRipG9Zss,3260670,Anime,2023-01-16,True
41,Date,Kimi no Na Wa,https://youtube.com/watch?v=FtMhJH_rui4,1318247,Anime,2023-01-16,True
42,Goshintai,Kimi no Na Wa,https://youtube.com/watch?v=TTHskdFvhtU,579539,Anime,2023-01-16,True
43,Owari no Seraph OP 1 Creditless,Owari no Seraph,https://youtube.com/watch?v=MxoJvOE7hcU,2726565,Anime,2023-01-16,True
44,Mirai Nikki OP [HQ] 1080p,Mirai Nikki,https://youtube.com/watch?v=ql0NtjXIv_s,32795982,Anime,2023-01-16,True
45,Mirai Nikki Opening 2 English Sub,Mirai Nikki,https://youtube.com/watch?v=0_36iNzrEn0,9659260,Anime,2023-01-16,True
46,[1080p] Mirai Nikki (未来日記) ED 1 Full,Mirai Nikki,https://youtube.com/watch?v=s95Qwmj9f8M,881064,Anime,2023-01-16,True
47,"Mirai Nikki - 2nd Ending Theme ""Filament""",Mirai Nikki,https://youtube.com/watch?v=Ibtz3uuvnxg,517614,Anime,2023-01-16,True
48,Nausicaä theme (lalala) | Requiem,Nausicaa,https://youtube.com/watch?v=qx2b-nK_Q8o,2558596,Anime,2023-01-16,True
49,Danmachi Opening 1,Danmachi,https://youtube.com/watch?v=0H_RCGEcjhs,1831289,Anime,2023-01-16,True
50,"DanMachi - Heroic Desire ""Eiyuu Ganbou"" (Argonaut) [Familia Myth]",Danmachi,https://youtube.com/watch?v=pWlfyXi0KYs,11520429,Anime,2023-01-16,True
51,Violet Evergarden Opening HD | Sincerely |,Violet Evergarden,https://youtube.com/watch?v=Fc-XPJE3oeM,714168,Anime,2023-01-16,True
52,Violet Evergarden Ed | Michishirube |,Violet Evergarden,https://youtube.com/watch?v=fayCDyH7vR0,80398,Anime,2023-01-16,True
53,Toriko's Ending 3 (Sabrina),Toriko,https://youtube.com/watch?v=XpO3oQZISBU,259000,Anime,2023-01-16,True
54,Kuroko's Basketball - Opening 3 | The Other Self,Kuroko no Basket,https://youtube.com/watch?v=m_eZs7Ix9-s,3246489,Anime,2023-01-16,True
55,Kuroko's Basketball - Opening 1 | Can Do,Kuroko no Basket,https://youtube.com/watch?v=5RVEM8-UKlg,1197332,Anime,2023-01-16,True
56,Kuroko no basket Opening 2,Kuroko no Basket,https://youtube.com/watch?v=ctzWj_dHFSo,2706759,Anime,2023-01-16,True
57,Code Breaker Opening.,Code Breaker,https://youtube.com/watch?v=UW3x_6hp8w0,290876,Anime,2023-01-16,True
58,Berserk - Opening 1 | Inferno,Berzerk,https://youtube.com/watch?v=Qw9iMfRBDf0,5504657,Anime,2023-01-16,True
59,86 EIGHTY-SIX - Opening 1 | 3-bun 29-byo,86,https://youtube.com/watch?v=eZIMFWAxMxQ,460572,Anime,2023-01-16,True
60,86 EIGHTY-SIX - Opening 2 | Kyokaisen,86,https://youtube.com/watch?v=tA0EEJj4hU0,1401604,Anime,2023-01-16,True
61,86 EIGHTY-SIX - Ending 2 | Alchemila,86,https://youtube.com/watch?v=YRGG02ZWccA,169539,Anime,2023-01-16,True
62,SawanoHiroyuki[nZk]:Honoka Takahashi『LilaS』×TVアニメ「８６―エイティシックス―」Collaboration Movie,86,https://youtube.com/watch?v=dfOsUNxc2Xg,6660649,Anime,2023-01-16,True
63,Voices of the Chord,86,https://youtube.com/watch?v=Cxz-W6rNscM,3987016,Anime,2023-01-16,True
64,SawanoHiroyuki[nZk]:Laco「Hands Up to the Sky」Music Video ８６―エイティシックス― ver.,86,https://youtube.com/watch?v=fqYFkPeYqoI,9939193,Anime,2023-01-16,True
65,Made in Abyss Opening,Made in Abyss,https://youtube.com/watch?v=e91G8m9uM_0,3621245,Anime,2023-01-16,True
66,JUJUTSU KAISEN - Opening | Kaikai Kitan,Jujutsu Kaisen,https://youtube.com/watch?v=GwaRztMaoY0,45157291,Anime,2023-01-16,True
67,Tokyo Revengers - Opening | Cry Baby,Tokyo Revengers,https://youtube.com/watch?v=By_JYrhx-WY,24374493,Anime,2023-01-16,True
68,Tokyo Revengers - Ending | Koko de Iki o Shite,Tokyo Revengers,https://youtube.com/watch?v=AUS2Np9LBDM,2504108,Anime,2023-01-16,True
69,Générique  Ken le Survivant,Ken le Survivant,https://youtube.com/watch?v=-pgUE4Jf1Zo,161144,Anime,2023-01-16,True
70,"アニメ「バキ」大擂台賽編ノンクレジットOP「情熱は覚えている」／GRANRODEO│""BAKI : Dai Raitaisai-hen"" (2020)",Baki,https://youtube.com/watch?v=lb66JJsGdGc,4850298,Anime,2023-01-16,True
71,TVアニメ「坂本ですが？」ノンテロップOP,Sakamoto Desu Ga,https://youtube.com/watch?v=f8d3bW42aFY,11867558,Anime,2023-01-16,True
72,Pegasus Fantasy - Saint Seiya - original japanese opening - subtitled,Saint Seya,https://youtube.com/watch?v=Bu533OKYHyc,5070757,Anime,2023-01-16,True
73,Assassination Classroom | Ansatsu Kyoushitsu | 暗殺教室 - Opening 1-A - HD - Subtitles,Assassination Classroom,https://youtube.com/watch?v=KS9UfmCFn_Y,6098298,Anime,2023-01-16,True
74,Assassination Classroom Season 2 Ending 2,Assassination Classroom,https://youtube.com/watch?v=43PSskdm784,1042827,Anime,2023-01-16,True
75,Assassination Classroom OST - Haritsume Ta Kuuki,Assassination Classroom,https://youtube.com/watch?v=sdZNcBHO8DA,658273,Anime,2023-01-16,True
76,The Disastrous Life of Saiki K. – Opening Theme 1 – Youth Isn't So Cruel,Saiki Kusuo no Psi nan,https://youtube.com/watch?v=4GNTfA-seHY,2047122,Anime,2023-01-16,True
77,Yoru wa Nemureru kai? (Can You Sleep at Night?) - flumpool [Ajin Opening],Ajin,https://youtube.com/watch?v=Ppl21c_zKo8,13912525,Anime,2023-01-16,True
78,Ajin Main Theme,Ajin,https://youtube.com/watch?v=UnDHBT8kP2Y,2197716,Anime,2023-01-16,True
79,Monster Opening HD,Monster,https://youtube.com/watch?v=msTB5r8nUHU,1955457,Anime,2023-01-16,True
80,Opening Dangan Ronpa The Animation,Danganronpa,https://youtube.com/watch?v=Avr-Iu5vWsM,5397879,Anime,2023-01-16,True
81,Black Bullet - OP / Opening,Black Bullet,https://youtube.com/watch?v=as1Rz1KODXc,2289572,Anime,2023-01-16,True
82,"""Kaguya-sama: Love Is War?"" Opening Theme (Limited Time Only)",Love is War,https://youtube.com/watch?v=lTlzDfhPtFA,28956198,Anime,2023-01-16,True
83,Kaguya-sama: Love is War Opening - Love Dramatic [TV Broadcast Version/1080p/English CC],Love is War,https://youtube.com/watch?v=W9Pb412Bloc,505524,Anime,2023-01-16,True
84,DARLING in the FRANXX - Opening | KISS OF DEATH,Darling in the Franxx,https://youtube.com/watch?v=A4kLcDWBYcQ,11832564,Anime,2023-01-16,True
85,「Creditless」Another OP / Opening「UHD 60FPS」,Another,https://youtube.com/watch?v=O7yhjJGxTyY,193700,Anime,2023-01-16,True
86,Death Parade - Ending 1 - Last Theater (Creditless),Death Parade,https://youtube.com/watch?v=fW0Jxf5SuRg,166563,Anime,2023-01-16,True
87,「Creditless」Death Parade OP / Opening「UHD 60FPS」,Death Parade,https://youtube.com/watch?v=VLisirQCUcM,106221,Anime,2023-01-16,True
88,Akame ga Kill! - Opening 1 | Skyreach,Akame ga Kill,https://youtube.com/watch?v=ji9BD3ESMqg,6022527,Anime,2023-01-16,True
89,Akame ga Kill! - Opening 2 | Liar Mask,Akame ga Kill,https://youtube.com/watch?v=mAzFWd5WqOg,12811672,Anime,2023-01-16,True
90,"Akame ga Kill! - Ending 1 | Konna Sekai, Shiritakunakatta",Akame ga Kill,https://youtube.com/watch?v=iDhY5BM7BlQ,604950,Anime,2023-01-16,True
91,Akame ga Kill! - Ending 2 | Tsuki Akari,Akame ga Kill,https://youtube.com/watch?v=mGclLUQiqH8,643937,Anime,2023-01-16,True
92,Psycho-Pass Opening 1 (Creditless),Psycho Pass,https://youtube.com/watch?v=5diaZzBr4_M,2360963,Anime,2023-01-16,True
93,Opening 2 Psycho Pass   Nothings Carved in Stone Out of Control,Psycho Pass,https://youtube.com/watch?v=9StfX1p9LuY,1487689,Anime,2023-01-16,True
94,Psycho-pass ED 1 - Monster without a name (Creditless),Psycho Pass,https://youtube.com/watch?v=sF0QLtk3YH0,6342495,Anime,2023-01-16,True
95,PSYCHO PASS ED2 / Ending 2,Psycho Pass,https://youtube.com/watch?v=mWCWLYM7ieM,1344992,Anime,2023-01-16,True
96,JoJo's Bizarre Adventure Opening 2 | 4K | 60FPS | Creditless,JoJo's Bizarre Adventure,https://youtube.com/watch?v=_ih7vT0CrLE,4932468,Anime,2023-01-16,True
97,JoJo's Bizarre Adventure Opening 3 | 4K | 60FPS | Creditless,JoJo's Bizarre Adventure,https://youtube.com/watch?v=eLwuQwKs4yA,2877960,Anime,2023-01-16,True
98,The Seven Deadly Sins Opening 1 - US Toonami Potential Cut,Nanatsu no Taizai,https://youtube.com/watch?v=f7FO0tt9MNo,325724,Anime,2023-01-16,True
99,The Seven Deadly Sins - Opening 2,Nanatsu no Taizai,https://youtube.com/watch?v=NVX3pkqHsKI,522324,Anime,2023-01-16,True
100,The Seven Deadly Sins - Ending 2,Nanatsu no Taizai,https://youtube.com/watch?v=MuPFOVRntAw,233810,Anime,2023-01-16,True
101,Sword Art Online Opening 2,Sword Art Online,https://youtube.com/watch?v=O8T2u83GIiI,3969380,Anime,2023-01-16,True
102,「Creditless」Sword Art Online II OP / Opening 1「UHD 60FPS」,Sword Art Online,https://youtube.com/watch?v=Mqp4X1uuYZc,375693,Anime,2023-01-16,True
103,TVアニメ『SHAMAN KING』ノンクレジットオープニング｜2021年4月1日放送開始,Shaman King21,https://youtube.com/watch?v=emrOpnSCYao,2843279,Anime,2023-01-16,True
104,Shaman King Opening 2 Northern Lights HD,Shaman King,https://youtube.com/watch?v=_bGG-EJo96g,137353,Anime,2023-01-16,True
105,林原めぐみ 「Over Soul」 | SHAMAN KING | オープニング,Shaman King,https://youtube.com/watch?v=-VYMrLirXFY,5015530,Anime,2023-01-16,True
106,Haikyuu!! Opening 02,Haikyuu!!,https://youtube.com/watch?v=ekqPBsKIb9A,3503804,Anime,2023-01-16,True
107,Mob Psycho 100 - Opening | 99,Mob Psycho 100,https://youtube.com/watch?v=Bw-5Lka7gPE,17608461,Anime,2023-01-16,True
108,Mob Psycho 100 II - Opening | 99.9,Mob Psycho 100,https://youtube.com/watch?v=epZaT8B31-g,13072632,Anime,2023-01-16,True
109,Mob Psycho 100 ENDING | Refrain Boy (HD),Mob Psycho 100,https://youtube.com/watch?v=i8Yjk7KedVg,1385937,Anime,2023-01-16,True
110,Mob Psycho 100 II - Ending | Memosepia,Mob Psycho 100,https://youtube.com/watch?v=4p_OmTMlZXw,1157346,Anime,2023-01-16,True
111,Mob Psycho 100 Soundtrack - Mob Nozoki Lei,Mob Psycho 100,https://youtube.com/watch?v=N-2eoKZkoks,1643271,Anime,2023-01-16,True
112,Mob Psycho 100 OST 2 - Explosion of Mob feelings (モブ・感情の爆発),Mob Psycho 100,https://youtube.com/watch?v=TCoutnCI7kA,1211770,Anime,2023-01-16,True
113,Amagi Brilliant Park Opening,Mob Psycho 100,https://youtube.com/watch?v=z-ijjsvfC_o,2321851,Anime,2023-01-16,True
114,Fire Force - Opening | Inferno,Fire Force,https://youtube.com/watch?v=JBqxVX_LXvk,71257684,Anime,2023-01-16,True
115,Fire Force - Opening | MAYDAY,Fire Force,https://youtube.com/watch?v=t0WClcc-aVs,6792956,Anime,2023-01-16,True
116,Fire Force - Ending | Veil,Fire Force,https://youtube.com/watch?v=geE49ne2mQg,6582179,Anime,2023-01-16,True
117,Fire Force - Ending 2 | Nounai,Fire Force,https://youtube.com/watch?v=jbTO40J4ENs,924437,Anime,2023-01-16,True
118,Spice and Wolf OP ( IN HD!! ),Spice and Wolf,https://youtube.com/watch?v=MN_WgwEmRaw,3859345,Anime,2023-01-16,True
119,Spice and Wolf season 2 opening HD,Spice and Wolf,https://youtube.com/watch?v=A08fzhikzuo,368205,Anime,2023-01-16,True
120,Spice and Wolf ED 2,Spice and Wolf,https://youtube.com/watch?v=qM5CtKhwrhE,459,Anime,2023-01-16,True
121,ノンテロップスペシャル版　TVアニメ「東京喰種トーキョーグール」オープニング映像 TK from 凛として時雨/unravel,Tokyo Ghoul,https://youtube.com/watch?v=uMeR2W19wT0,166282208,Anime,2023-01-16,True
122,Tokyo Ghoul - Licht und Schatten - Yutaka Yamada [東京喰種-トーキョーグール- OST],Tokyo Ghoul,https://youtube.com/watch?v=3S1NmtWDVYk,41023760,Anime,2023-01-16,True
123,TK from 凛として時雨 『katharsis』 / “東京喰種トーキョーグール:re” 最終章OP,Tokyo Ghoul,https://youtube.com/watch?v=f4D0lY6A3nU,28312735,Anime,2023-01-16,True
124,Terror in Resonance – Opening Theme – Trigger,Terror in Resonance,https://youtube.com/watch?v=g1ARRcK4LVs,3350740,Anime,2023-01-16,True
125,Pandora Hearts  OP,Pandora Hearts,https://youtube.com/watch?v=ANfrLiwsogE,84498,Anime,2023-01-16,True
126,Pandora Hearts - Lacie's Melody,Pandora Hearts,https://youtube.com/watch?v=5wTK6_kaPvU,4232512,Anime,2023-01-16,True
127,Hajime No Ippo Opening 1 - Under Star,Hajime no Ippo,https://youtube.com/watch?v=9S50a4rStNA,2025351,Anime,2023-01-16,True
128,Hajime no Ippo Opening 2 -Creditless-,Hajime no Ippo,https://youtube.com/watch?v=x1VNM57PHms,1557203,Anime,2023-01-16,True
129,Hajime no Ippo Ending 1 -Creditless-,Hajime no Ippo,https://youtube.com/watch?v=rapewtS7bcE,1208002,Anime,2023-01-16,True
130,Hunter X Hunter - Ending 5 | Hyori Ittai,Hunter x Hunter,https://youtube.com/watch?v=MCYm453CE6Y,4593979,Anime,2023-01-16,True
131,Hunter X Hunter - Ending 1 | Just Awake,Hunter x Hunter,https://youtube.com/watch?v=ELuVDnlB8PE,5329860,Anime,2023-01-16,True
132,Hunter X Hunter - Ending 2 | Hunting For Your Dream,Hunter x Hunter,https://youtube.com/watch?v=tK-d2LJlaaQ,4998438,Anime,2023-01-16,True
133,Hunter X Hunter - Ending 3 | Reason,Hunter x Hunter,https://youtube.com/watch?v=wnOGkmMDMuM,1586981,Anime,2023-01-16,True
134,Hunter X Hunter - Ending 4 | Nagareboshi Kirari,Hunter x Hunter,https://youtube.com/watch?v=kc6MHszfb2I,1706284,Anime,2023-01-16,True
135,Food Wars! Shokugeki no Soma OPENING 1 | Kibō no Uta (HD),Shokugeki no Soma,https://youtube.com/watch?v=vV3l_1j8pPE,5372241,Anime,2023-01-16,True
136,Food Wars! Shokugeki no Soma OPENING 2 | Rising Rainbow (HD),Shokugeki no Soma,https://youtube.com/watch?v=WGASdBxpVPw,1535919,Anime,2023-01-16,True
137,Food Wars! The Fourth Plate - Opening (HD),Shokugeki no Soma,https://youtube.com/watch?v=G_ZLpStlorE,2473723,Anime,2023-01-16,True
138,Food Wars! Shokugeki no Soma - Ending 1 | Spice,Shokugeki no Soma,https://youtube.com/watch?v=M_cyl6c8pMI,658664,Anime,2023-01-16,True
139,Yu Yu Hakusho Opening 1 in Japanese,Yu Yu Hakusho,https://youtube.com/watch?v=pK-9pAEmN9g,1668408,Anime,2023-01-16,True
140,ＴＶアニメ 「Dr.STONE」 第1クールOP＜Good Morning World!＞ノンクレジット映像,Dr Stone,https://youtube.com/watch?v=tF4faMbs5oQ,23090329,Anime,2023-01-16,True
141,ＴＶアニメ 「Ｄｒ．ＳＴＯＮＥ」 第2クールOP＜三原色＞ノンクレジット映像,Dr Stone,https://youtube.com/watch?v=SohCAjC-Npk,12616248,Anime,2023-01-16,True
142,Nujabes- Mystline [Full Version],Samurai Shamploo,https://youtube.com/watch?v=FtuoEtohPv4,5437561,Anime,2023-01-16,True
143,Samurai Champloo - Opening | Battlecry,Samurai Shamploo,https://youtube.com/watch?v=Eq6EYcpWB_c,7162012,Anime,2023-01-16,True
144,Samurai Champloo – Ending Theme – Shiki No Uta,Samurai Shamploo,https://youtube.com/watch?v=mQAfG3DgG7M,2274335,Anime,2023-01-16,True
145,Hunter x Hunter Series (1999) anime opening,Hunter x Hunter99,https://youtube.com/watch?v=hANaSlH9wpw,1801797,Anime,2023-01-16,True
146,Groove Adventure Rave op,Rave Master,https://youtube.com/watch?v=oTpRZqpkPQA,250126,Anime,2023-01-16,True
147,Mkaliez,Aldnoah Zero,https://youtube.com/watch?v=ZmbUxjXLSdE,2123578,Anime,2023-01-16,True
148,Sawano Hiroyuki - aLIEz Aldnoah.Zero Full Lyrics,Aldnoah Zero,https://youtube.com/watch?v=wtW529XbOyU,4967565,Anime,2023-01-16,True
149,アルドノア・ゼロ Aldnoah Zero OP heavenly blue 中日字幕 AI 4K (MAD) (回憶系列),Aldnoah Zero,https://youtube.com/watch?v=BsbqvIsY6-c,919641,Anime,2023-01-16,True
150,Aldnoah Zero  ED3(Ver.14~18) Creditless,Aldnoah Zero,https://youtube.com/watch?v=LCBGEGdWStc,40221,Anime,2023-01-16,True
151,Bre@th//Less,Aldnoah Zero,https://youtube.com/watch?v=rPsmJSrj4i8,1400142,Anime,2023-01-16,True
152,Keep on Keeping on,Aldnoah Zero,https://youtube.com/watch?v=S9Fp1M2WCyU,1677143,Anime,2023-01-16,True
153,Steins;Gate Opening HD 1080p Creditless,Steins Gate,https://youtube.com/watch?v=dd7BILZcYAY,10733051,Anime,2023-01-16,True
154,Steins Gate – Opening | Fatima,Steins Gate,https://youtube.com/watch?v=1xJbdY9B3A8,5033508,Anime,2023-01-16,True
155,Tengen Toppa Gurren Lagann-Sorairo Days (Opening 1),Tengen Toppa Gurren Lagann,https://youtube.com/watch?v=93YiJx4Sj7k,701992,Anime,2023-01-16,True
156,BLISS -by KEN ARAI ::(Parasyte:The Maxim / Kiseijuu: Sei no Kakuritsu) OST,Parasyte,https://youtube.com/watch?v=ZQALDTVO3ZY,571828,Anime,2023-01-16,True
157,Parasyte Opening,Parasyte,https://youtube.com/watch?v=Rm8UjBAS3cs,14666388,Anime,2023-01-16,True
158,kiseijuu OST- Speak (migi's theme),Parasyte,https://youtube.com/watch?v=pcScX2Rh6qM,2559423,Anime,2023-01-16,True
159,[HD] ぐらんぶる GRAND BLUE OP [湘南乃風 - Grand Blue],GrandBlue,https://youtube.com/watch?v=0PpTUtHtwt4,794964,Anime,2023-01-16,True
160,Kyoukai No Kanata OP 60 FPS,Kyoukai no Kanata,https://youtube.com/watch?v=JCQ_Xjaz5ek,618852,Anime,2023-01-16,True
161,Hyouka Opening 1,Hyouka,https://youtube.com/watch?v=Msuu3b-L-2k,3002153,Anime,2023-01-16,True
162,Bakemonogatari - op 4 PL [Sengoku Nadeko],bakemonogatari,https://youtube.com/watch?v=PiauQ7P7mtQ,13494120,Anime,2023-01-16,True
163,Princess Mononoke - Departure to the West,Mononoke Hime,https://youtube.com/watch?v=uxLh5Ak8U4A,2962829,Anime,2023-01-16,True
164,Princess Mononoke Main Theme,Mononoke Hime,https://youtube.com/watch?v=nBADF1LdP3g,6168825,Anime,2023-01-16,True
165,One Piece Opening 1 HD 720p   Special Edition We Are!,One Piece,https://youtube.com/watch?v=HRaoYuRKBaA,11530883,Anime,2023-01-16,True
166,One Piece Opening 2 | 4K | 60FPS | Creditless,One Piece,https://youtube.com/watch?v=XQYURBx1u24,49000,Anime,2023-01-16,True
167,One Piece Opening 3 | 4K | 60FPS | Creditless,One Piece,https://youtube.com/watch?v=If4Mk2ekDhw,81592,Anime,2023-01-16,True
168,One Piece Opening 4 | 4K | 60FPS | Creditless,One Piece,https://youtube.com/watch?v=B0vVVxBt9gc,69809,Anime,2023-01-16,True
169,One Piece Opening 5 | 4K | 60FPS | Creditless,One Piece,https://youtube.com/watch?v=kBCPBUqLT8s,772261,Anime,2023-01-16,True
170,One Piece Opening 6 | 4K | 60FPS | Creditless,One Piece,https://youtube.com/watch?v=F0E1Rx7geOI,70853,Anime,2023-01-16,True
171,One Piece Opening 7 | 4K | 60FPS | Creditless,One Piece,https://youtube.com/watch?v=Vi59DzSMo6Y,33655,Anime,2023-01-16,True
172,One Piece Opening 8 | 4K | 60FPS | Creditless,One Piece,https://youtube.com/watch?v=dm0ZCWIX-v4,34228,Anime,2023-01-16,True
173,One Piece Opening 10 | 4K | 60FPS | Creditless,One Piece,https://youtube.com/watch?v=F6L3OdAeOik,65900,Anime,2023-01-16,True
174,One Piece Opening 11 | 4K | 60FPS | Creditless,One Piece,https://youtube.com/watch?v=FEWlyy7NkIw,148673,Anime,2023-01-16,True
175,One Piece Opening 12 | 4K | 60FPS | Creditless,One Piece,https://youtube.com/watch?v=xEcw60K8K-s,182769,Anime,2023-01-16,True
176,One Piece Opening 13 | 4K | 60FPS | Creditless,One Piece,https://youtube.com/watch?v=OTlLbfGzc4U,524414,Anime,2023-01-16,True
177,One Piece Opening 14 | 4K | 60FPS | Creditless,One Piece,https://youtube.com/watch?v=ec_SGv3jbWk,756747,Anime,2023-01-16,True
178,One Piece Opening 15 | 4K | 60FPS | Creditless,One Piece,https://youtube.com/watch?v=eMDO9crG7Aw,245816,Anime,2023-01-16,True
179,One Piece Opening 16 | 4K | 60FPS | Creditless,One Piece,https://youtube.com/watch?v=9bL50b7sgA8,229386,Anime,2023-01-16,True
180,One Piece Opening 17 | 4K | 60FPS | Creditless,One Piece,https://youtube.com/watch?v=FBLtEapqiQg,221585,Anime,2023-01-16,True
181,One Piece Opening 18 HD Full HD,One Piece,https://youtube.com/watch?v=jJHDDYd6PrM,4550510,Anime,2023-01-16,True
182,One Piece OST Overtaken,One Piece,https://youtube.com/watch?v=daFi4MScfl8,20380971,Anime,2023-01-16,True
183,Tears Of Life,Pokemon,https://youtube.com/watch?v=mH0008o-6cs,2829988,Anime,2023-01-16,True
184,Lugia's Song (Original),Pokemon,https://youtube.com/watch?v=ZqpXrDuLqE0,9514012,Anime,2023-01-16,True
185,"[outdated] All Main Pokémon Game OPenings (GB, GBC, GBA, NDS)",Pokemon,https://youtube.com/watch?v=bbpvcU0eMYE,1316199,Anime,2023-01-16,True
186,Castle in the Sky - Kimi wo Nosete / Carrying You / 君をのせて,Laputa,https://youtube.com/watch?v=gdpEnkcT7Io,7036542,Anime,2023-01-16,True
187,Boruto Naruto the Movie OST - Spin and Burst,Boruto,https://youtube.com/watch?v=L2HsVzdA8dk,33547405,Anime,2023-01-16,True
188,The Promised Neverland OST - Isabella’s Lullaby,Yakusoku no Neverland,https://youtube.com/watch?v=rTJjtSP-ORc,29582883,Anime,2023-01-16,True
189,Vinland saga OP 1 (720p),Vinland Saga,https://youtube.com/watch?v=7U7BDn-gU18,5984993,Anime,2023-01-16,True
190,Vinland Saga Opening 2 Creditless,Vinland Saga,https://youtube.com/watch?v=6jrllECbLfA,2928607,Anime,2023-01-16,True
191,Vinland Saga Ending 1 (1080p),Vinland Saga,https://youtube.com/watch?v=1cYE0Bm5VKI,776382,Anime,2023-01-16,True
192,Vinland Saga 2019 ending 2,Vinland Saga,https://youtube.com/watch?v=MJCv3mfIvhk,652572,Anime,2023-01-16,True
193,Shingeki no Kyojin [Opening 1] 1080p VOSTFR,SNK,https://youtube.com/watch?v=CbvQKBaDUWI,2637556,Anime,2023-01-16,True
194,Shingeki no Kyojin [Opening 2] 1080p VOSTFR,SNK,https://youtube.com/watch?v=oLyy6Ue4oAY,130441,Anime,2023-01-16,True
195,Attack on Titan Season 2 - Opening | Shinzou wo Sasageyo!,SNK,https://youtube.com/watch?v=LKP-vZvjbh8,31342110,Anime,2023-01-16,True
196,Attack on Titan Season 3 - Official Opening | OP1 [ RED SWAN ],SNK,https://youtube.com/watch?v=swwUoExDIng,10876191,Anime,2023-01-16,True
197,Attack on Titan Season 4 (Final Season) - Opening | My War,SNK,https://youtube.com/watch?v=rwCJvSKzQkc,22882489,Anime,2023-01-16,True
198,TVアニメ「進撃の巨人」The Final Season Part 2ノンクレジットOP ｜SiM「The Rumbling」,SNK,https://youtube.com/watch?v=2S4qGKmzBJE,57749762,Anime,2023-01-16,True
199,"Shingeki no Kyojin 進撃の巨人 ED / Ending - ""Utsukushiki Zankoku na Sekai"" - Yoko Hikasa",SNK,https://youtube.com/watch?v=kWUCdTngVjk,5083913,Anime,2023-01-16,True
200,Shingeki no Kyojin (Attack On Titan) ED2,SNK,https://youtube.com/watch?v=sFdzNhJAdco,4111723,Anime,2023-01-16,True
201,Attack on Titan Season 2 - Ending | Yuugure no Tori,SNK,https://youtube.com/watch?v=rbfHY8mkhT8,9268309,Anime,2023-01-16,True
202,Attack on Titan [Season 3] - Ending 4 (Linked Horizon - Requiem der Morgenröte (暁の鎮魂歌)),SNK,https://youtube.com/watch?v=o05UK9lXtC0,4930122,Anime,2023-01-16,True
203,Attack on Titan S2 OST - YOUSEEBIGGIRL/T:T,SNK,https://youtube.com/watch?v=pa00z_Bp2j4,8546869,Anime,2023-01-16,True
204,Attack On Titan OST- Call of Silence (Lyrics),SNK,https://youtube.com/watch?v=VtguFyOdj2g,26978229,Anime,2023-01-16,True
205,Attack on Titan S3 OST - ətˈæk 0N tάɪtn ＜WMId＞,SNK,https://youtube.com/watch?v=2JpkMXinO1M,11922637,Anime,2023-01-16,True
206,Attack on Titans OST - Eren's Berserk Theme,SNK,https://youtube.com/watch?v=LmPH8BTwPKU,20239396,Anime,2023-01-16,True
207,Attack on Titan - 'Call Your Name' with Lyrics,SNK,https://youtube.com/watch?v=pFoc5XKkIIw,42278226,Anime,2023-01-16,True
208,Shingeki no Kyojin (Attack on Titan) OST - Vogel im Kafig (eng subs),SNK,https://youtube.com/watch?v=M2LdF1RlSL0,17285539,Anime,2023-01-16,True
209,05.  Counterattack Mankind - High Quality,SNK,https://youtube.com/watch?v=4PuP7IkpRLU,17252649,Anime,2023-01-16,True
210,Attack on Titan 2 - 'Barricades' with Lyrics,SNK,https://youtube.com/watch?v=qAgPH1CWiAw,17876975,Anime,2023-01-16,True
211,Attack on Titan OST - Zero Eclipse『Historia Reiss Theme』,SNK,https://youtube.com/watch?v=bsAI-LRE5FI,11478467,Anime,2023-01-16,True
212,ətˈæk 0N tάɪtn,SNK,https://youtube.com/watch?v=zroFzv7sFis,9830666,Anime,2023-01-16,True
213,Attack on Titan Season 4 OST - Ashes on The Fire『Main Theme』,SNK,https://youtube.com/watch?v=wQUH06QRCi4,22659902,Anime,2023-01-16,True
214,Demon Slayer: Kimetsu no Yaiba - EP 19 Song『Kamado Tanjiro no Uta』,Kimetsu no Yaiba,https://youtube.com/watch?v=bq7caidfUts,17437471,Anime,2023-01-16,True
215,Great Teacher Onizuka - Opening 1 | L'Arc-en-Ciel - Driver's High,GTO,https://youtube.com/watch?v=NP2qIy9AB9Q,202513,Anime,2023-01-16,True
216,GTO the Animation - Opening 2 | Hitori no Yoru,GTO,https://youtube.com/watch?v=xpAg0spgFJA,3624042,Anime,2023-01-16,True
217,Great Teacher Onizuka Ending Season 1,GTO,https://youtube.com/watch?v=Y9Y0XkSvQSI,1690078,Anime,2023-01-16,True
218,GTO the Animation - Ending 2 | Shizuku,GTO,https://youtube.com/watch?v=TdZjdGN5TSo,611605,Anime,2023-01-16,True
219,GTO 2 - Chippokena Yuuki SOUNDTRACK,GTO,https://youtube.com/watch?v=tU1bz1slD94,177959,Anime,2023-01-16,True
220,Shôgai Ichi Kyôshi,GTO,https://youtube.com/watch?v=WKESvUb7F5Y,20186,Anime,2023-01-16,True
221,GTO,GTO,https://youtube.com/watch?v=hNhIjB7I2pk,6763,Anime,2023-01-16,True
222,:: Opening 1 - Full Metal Alchemist ::,Full Metal Alchemist,https://youtube.com/watch?v=UHKSiBjrmx4,4387368,Anime,2023-01-16,True
223,Fullmetal Alchemist - Opening 4 HD,Full Metal Alchemist,https://youtube.com/watch?v=6FMPUhjUmRI,1843206,Anime,2023-01-16,True
224,Full Metal Alchemist OST 1 - Brothers,Full Metal Alchemist,https://youtube.com/watch?v=BXQLrkW33f0,6497661,Anime,2023-01-16,True
225,Fullmetal Alchemist Brotherhood Creditless OP 1 1080p,Full Metal Alchemist,https://youtube.com/watch?v=ShEAiFqkY0E,2756710,Anime,2023-01-16,True
226,Fullmetal Alchemist Brotherhood Creditless OP 2,Full Metal Alchemist,https://youtube.com/watch?v=UqIahGU9ZtY,4346921,Anime,2023-01-16,True
227,Fullmetal Alchemist Brotherhood OP 3 creditless,Full Metal Alchemist,https://youtube.com/watch?v=et7oxRRkPEo,3657702,Anime,2023-01-16,True
228,▶ Full Metal Alchemist  Brotherhood- Opening 4 HD,Full Metal Alchemist,https://youtube.com/watch?v=KMZBauH47Jo,13327770,Anime,2023-01-16,True
229,Fullmetal Alchemist Brotherhood Opening 5 (owned by funimation),Full Metal Alchemist,https://youtube.com/watch?v=cRA5gsdCf4c,11870091,Anime,2023-01-16,True
230,FullMetal Alchemist Brotherhood ED 1,Full Metal Alchemist,https://youtube.com/watch?v=PHbUcpXypd8,2028408,Anime,2023-01-16,True
231,Fullmetal Alchemist Brotherhood Creditless ED 2,Full Metal Alchemist,https://youtube.com/watch?v=Vi9zgj8foKo,808737,Anime,2023-01-16,True
232,Fullmetal Alchemist Brotherhood Creditless ED 3,Full Metal Alchemist,https://youtube.com/watch?v=yQ6Bp9E3OFA,140736,Anime,2023-01-16,True
233,Full Metal Alchemist Brotherhood Ending 4,Full Metal Alchemist,https://youtube.com/watch?v=yxkyElx0pXI,3993775,Anime,2023-01-16,True
234,Fullmetal Alchemist Brotherhood Creditless ED 5,Full Metal Alchemist,https://youtube.com/watch?v=FtQ6Oi53RH4,29285,Anime,2023-01-16,True
235,Fullmetal Alchemist Brotherhood OST - Lapis Philosophorum,Full Metal Alchemist,https://youtube.com/watch?v=Q_439qLQzHs,3391742,Anime,2023-01-16,True
236,Fullmetal Alchemist Brotherhood OST - Trisha's Lullaby,Full Metal Alchemist,https://youtube.com/watch?v=l2kwie-gs2o,10119852,Anime,2023-01-16,True
237,Fullmetal Alchemist Brotherhood OST 3 - Sorrowful Stone,Full Metal Alchemist,https://youtube.com/watch?v=nCt4aLirnrk,4107808,Anime,2023-01-16,True
238,One Punch Man OST - Genos Sound - Fight Music,One Punch Man,https://youtube.com/watch?v=jjyTzL6sxdQ,14991322,Anime,2023-01-16,True
239,One Punch Man Ending 1080p,One Punch Man,https://youtube.com/watch?v=AFiKJNAAJoU,813509,Anime,2023-01-16,True
240,One Punch Man - Saitama's Theme [Ballad/Sad Ver.] FULL (HQ),One Punch Man,https://youtube.com/watch?v=Z96ModuOAQY,9756451,Anime,2023-01-16,True
241,One Punch Man OST -1080p- Sadness (Original),One Punch Man,https://youtube.com/watch?v=-Zm2MnYBXHY,6911356,Anime,2023-01-16,True
242,One punch man - OST - 08. BATTLE!!,One Punch Man,https://youtube.com/watch?v=DO2vyDeOqzo,3460863,Anime,2023-01-16,True
243,[ Dark Energy ] - “Lord Boros Theme” -  (Intensified and Extended)  - One Punch Man OST,One Punch Man,https://youtube.com/watch?v=CoRbgUZb0n4,5070353,Anime,2023-01-16,True
244,One Punch Man OST -1080p- Seigi Shikkou (Original),One Punch Man,https://youtube.com/watch?v=rW7OB_HDCGQ,6729060,Anime,2023-01-16,True
245,Fate Stay Night opening 1 disillusion,Fate,https://youtube.com/watch?v=Qy7Q77ZD_ME,4843757,Anime,2023-01-16,True
246,fate stay night opening 2,Fate,https://youtube.com/watch?v=V47Q8ir79eE,865993,Anime,2023-01-16,True
247,Fate/Stay Night Anime OST: Unmei no Yoru,Fate,https://youtube.com/watch?v=WJXw0lL5-vA,1918447,Anime,2023-01-16,True
248,Fate/stay night - Kishi Ou no Hokori [フェイト/ステイナイト - OST],Fate,https://youtube.com/watch?v=ZKCCs9DNEJs,2457213,Anime,2023-01-16,True
249,「Creditless」Fate/Zero OP / Opening 1「UHD 60FPS」,Fate,https://youtube.com/watch?v=GiOJEjWeShI,1555914,Anime,2023-01-16,True
250,BB Fate Zero Ending 2 Creditless 1080p,Fate,https://youtube.com/watch?v=F4nXMFtfucg,529164,Anime,2023-01-16,True
251,Fate/Zero - Back to Zero [フェイト/ゼロ - OST],Fate,https://youtube.com/watch?v=8mK_0up-LMc,6054115,Anime,2023-01-16,True
252,Fate Stay Night Unlimited Blade Works Op 2 4K60,Fate,https://youtube.com/watch?v=QUXKOyAS4pc,209712,Anime,2023-01-16,True
253,Eyeshield 21 - Opening 1 | Breakthrough,Eyeshield 21,https://youtube.com/watch?v=Hi7NrTs0Wg8,621536,Anime,2023-01-16,True
254,Eyeshield 21 - Opening 3 | Dang Dang,Eyeshield 21,https://youtube.com/watch?v=PkdCpPK1vFY,583303,Anime,2023-01-16,True
255,Eyeshield 21 - Ending 2 | Blaze Away,Eyeshield 21,https://youtube.com/watch?v=4dNKiASSSOo,131573,Anime,2023-01-16,True
256,Eyeshield 21-Be Survivor,Eyeshield 21,https://youtube.com/watch?v=3LYdwZ40qe0,1741961,Anime,2023-01-16,True
257,Boku Dake Ga Inai Machi Opening,Erased,https://youtube.com/watch?v=fodAJ-1dN3I,6700389,Anime,2023-01-16,True
258,Boku Dake Ga Inai Machi Ending,Erased,https://youtube.com/watch?v=Od9NQbyNpwE,2653168,Anime,2023-01-16,True
259,Durarara!! Opening 1 HD,Durarara,https://youtube.com/watch?v=frfompwkApw,3428597,Anime,2023-01-16,True
260,Durarara!! Opening 2,Durarara,https://youtube.com/watch?v=PGoHzoZ2OI0,2716230,Anime,2023-01-16,True
261,Durarara Opening 3,Durarara,https://youtube.com/watch?v=wdSXq3PS1nc,913785,Anime,2023-01-16,True
262,Durarara!!x2 Ketsu Opening,Durarara,https://youtube.com/watch?v=5r0jdlfqeE4,5258345,Anime,2023-01-16,True
263,Durarara!! Ending 1,Durarara,https://youtube.com/watch?v=86sLUOnyCPs,4081753,Anime,2023-01-16,True
264,"Durarara Ending 2 ""Butterfly""",Durarara,https://youtube.com/watch?v=1ObMCd1ZHUI,186327,Anime,2023-01-16,True
265,Durarara Ending 3,Durarara,https://youtube.com/watch?v=iwh5Y64_GWQ,504905,Anime,2023-01-16,True
266,Durarara!!x2 Ketsu Ending,Durarara,https://youtube.com/watch?v=JCj3ddGBFVc,1366604,Anime,2023-01-16,True
267,Koutetsujou no Kabaneri - Opening 1 [HD],Koutetsujou no Kabaneri,https://youtube.com/watch?v=0w-9u4SxWwc,228116,Anime,2023-01-16,True
268,Koutetsujou no Kabaneri - ED TV Size [ ninelie ],Koutetsujou no Kabaneri,https://youtube.com/watch?v=X21WORLKLrE,292700,Anime,2023-01-16,True
269,Most Epic Battle Anime Ost- WarCry (Kabaneri of the Iron Fortress),Koutetsujou no Kabaneri,https://youtube.com/watch?v=dlvd8rBO-IE,3221797,Anime,2023-01-16,True
270,Dragon Ball - Makafushigi Adventure (Opening 1 HQ Audio),Dragon Ball,https://youtube.com/watch?v=FJqGirLjQn4,4186462,Anime,2023-01-16,True
271,Dragon Ball Z Opening (Japanese-Creditless) HQ,Dragon Ball,https://youtube.com/watch?v=ElqB359i_Os,1068886,Anime,2023-01-16,True
272,Dragon Ball Z - We Gotta Power (Opening 2 HQ Audio).mp4,Dragon Ball,https://youtube.com/watch?v=QSOjj8Q_9b4,5107103,Anime,2023-01-16,True
273,Dragon Ball Z -  Ending 2  (Japanese),Dragon Ball,https://youtube.com/watch?v=86B7AtVdSVI,1369862,Anime,2023-01-16,True
274,Dragon Ball Z: Budokai 1 OST - Battle Theme #4 (Challengers) (1080p HD),Dragon Ball,https://youtube.com/watch?v=FZZeOh2DL7M,1743234,Anime,2023-01-16,True
275,Dragon Ball GT - OP Japanese HQ,Dragon Ball,https://youtube.com/watch?v=DJcuDgVYjgI,12173307,Anime,2023-01-16,True
276,Dragon Ball Super Soundtrack Full: Mastered Ultra Instinct - Akira Kushida,Dragon Ball,https://youtube.com/watch?v=grtO6zxMY6I,6874968,Anime,2023-01-16,True
277,Unmei no Hi: Tamashi tai Tamashi [GOHAN SSJ2 THEME],Dragon Ball,https://youtube.com/watch?v=PGnL9Lk_4pk,8054269,Anime,2023-01-16,True
278,『AMV Lyrics』Dragon Ball Z: Kami To Kami〈 Hero Kibou No Uta - Flow 〉,Dragon Ball,https://youtube.com/watch?v=2VXoMPuue2I,32544,Anime,2023-01-16,True
279,detective conan - opening FR,Detective Conan,https://youtube.com/watch?v=6u_i5GmROis,115415,Anime,2023-01-16,True
280,Case Closed Theme Song,Detective Conan,https://youtube.com/watch?v=LEbRvORwrY0,2600888,Anime,2023-01-16,True
281,L's theme A,Death Note,https://youtube.com/watch?v=qR6dzwQahOM,12177043,Anime,2023-01-16,True
282,Death Note OST- 07- Solitude (孤独 Kodoku),Death Note,https://youtube.com/watch?v=XAFkWDLZ6YM,2565010,Anime,2023-01-16,True
283,Amazing Soundtrack from Death Note,Death Note,https://youtube.com/watch?v=3e90dlk8vts,5360030,Anime,2023-01-16,True
284,"Death Note OST I - ""Light's Theme""",Death Note,https://youtube.com/watch?v=5tpzBgWHNDk,1082589,Anime,2023-01-16,True
285,▶Deadman Wonderland opening HD,Deadman Wonderland,https://youtube.com/watch?v=_5WvUPHF5f8,1217665,Anime,2023-01-16,True
286,Cowboy Bebop opening (Tank!),Cowboy Bebop,https://youtube.com/watch?v=T6zDfxZ4NcE,5574587,Anime,2023-01-16,True
287,Un monde sans danger,Code Lyoko,https://youtube.com/watch?v=L8U-Fisq3Yk,3187173,Anime,2023-01-16,True
288,Code Geass - Official | COLORS,Code Geass,https://youtube.com/watch?v=G8CFuZ9MseQ,13521086,Anime,2023-01-16,True
289,[HQ] Code Geass - Opening 2 - ♪♪ Kaidoku Funou ♪♪,Code Geass,https://youtube.com/watch?v=0-Tivlwd6eY,442534,Anime,2023-01-16,True
290,Code Geass Opening 3 HD,Code Geass,https://youtube.com/watch?v=xh_SoTWBVHU,1822425,Anime,2023-01-16,True
291,code geass opening 4,Code Geass,https://youtube.com/watch?v=bTU9RfI8WBk,1585458,Anime,2023-01-16,True
292,Code Geass R2 Textless Opening 2 Worlds End,Code Geass,https://youtube.com/watch?v=osKkMKolWQ8,5294341,Anime,2023-01-16,True
293,Code Geass - Ending 1 VOSTFR,Code Geass,https://youtube.com/watch?v=J7DP9wivIOg,1531618,Anime,2023-01-16,True
294,Code Geass - Ending 2 [HD],Code Geass,https://youtube.com/watch?v=SdCXy3sw0uE,1896848,Anime,2023-01-16,True
295,Code Geass Ending 3,Code Geass,https://youtube.com/watch?v=T03jvnfD-lE,377773,Anime,2023-01-16,True
296,Code Geass - Ending 5 VOSTFR,Code Geass,https://youtube.com/watch?v=u0sjbtglLS4,450852,Anime,2023-01-16,True
297,Code geass OST The master,Code Geass,https://youtube.com/watch?v=K-tj_IzTJ2Y,2058212,Anime,2023-01-16,True
298,Stories,Code Geass,https://youtube.com/watch?v=6G0NFv3738s,816805,Anime,2023-01-16,True
299,Emotional OST of the Day No. 52: Code Geass - ''Masquerade'',Code Geass,https://youtube.com/watch?v=1b0n10Ytidg,1266488,Anime,2023-01-16,True
300,All Hail Britannia!!!,Code Geass,https://youtube.com/watch?v=CCIK0jg-yxk,596119,Anime,2023-01-16,True
301,Code Geass - Innocent Days,Code Geass,https://youtube.com/watch?v=FRGdEBBKA-M,1391839,Anime,2023-01-16,True
302,Continued Story,Code Geass,https://youtube.com/watch?v=s9wsRRlTL3s,756032,Anime,2023-01-16,True
303,"Bokuwa, Tori ni Naru.",Code Geass,https://youtube.com/watch?v=uPWqEy-d8mY,331409,Anime,2023-01-16,True
304,Emotional OST Collection: Madder Sky,Code Geass,https://youtube.com/watch?v=t2tGEiYU9KU,5038050,Anime,2023-01-16,True
305,Code Geass R2 O.S.T. #10 - What's Justice,Code Geass,https://youtube.com/watch?v=ArjtnKFUVnM,1051427,Anime,2023-01-16,True
306,Beautiful Emperor,Code Geass,https://youtube.com/watch?v=PVafzgmusjs,274997,Anime,2023-01-16,True
307,The Knight,Code Geass,https://youtube.com/watch?v=AlHeceIl-3Y,100489,Anime,2023-01-16,True
308,Siegfried,Code Geass,https://youtube.com/watch?v=wl8_bf_9tGU,89724,Anime,2023-01-16,True
309,Olive et Tom - Générique Officiel,Captain Tsubasa,https://youtube.com/watch?v=juQl2UbcD7w,1843767,Anime,2023-01-16,True
310,OP - Bungo Stray Dogs,Bungo Stray Dogs,https://youtube.com/watch?v=tvHqaimwcKE,11945139,Anime,2023-01-16,True
311,OP - Bungo Stray Dogs 2,Bungo Stray Dogs,https://youtube.com/watch?v=v9OhNoPAZJY,9635901,Anime,2023-01-16,True
312,Bungou stray dogs op 3,Bungo Stray Dogs,https://youtube.com/watch?v=F0Q9zRu9sZY,1508022,Anime,2023-01-16,True
313,My Hero Academia - Opening | The Day,Boku no Hero,https://youtube.com/watch?v=yu0HjPzFYnY,30260932,Anime,2023-01-16,True
314,My Hero Academia - Opening 2 | Peace Sign,Boku no Hero,https://youtube.com/watch?v=Q7w5IMyJ3pM,34968822,Anime,2023-01-16,True
315,My Hero Academia Season 3 - Opening | ODD FUTURE,Boku no Hero,https://youtube.com/watch?v=v1YojYU5nPQ,91612469,Anime,2023-01-16,True
316,『僕のヒーローアカデミア』ヒロアカ3期ノンクレジットOPムービー Vol.2／OPテーマ：「Make my story」Lenny code fiction,Boku no Hero,https://youtube.com/watch?v=WUDWBg4cFiw,7341102,Anime,2023-01-16,True
317,『僕のヒーローアカデミア』#ヒロアカ TVアニメ第4期ノンクレジットOPムービー／OPテーマ：「ポラリス」BLUE ENCOUNT／ブルエン／ヒーローインターン編,Boku no Hero,https://youtube.com/watch?v=VtNgeDxYJzE,16936253,Anime,2023-01-16,True
318,ヒロアカ TVアニメ4期「文化祭編」ノンクレジットOPムービー／『僕のヒーローアカデミア』／OPテーマ：「スターマーカー」KANA-BOON,Boku no Hero,https://youtube.com/watch?v=MdfFVdFWl1U,12259514,Anime,2023-01-16,True
319,My Hero Academia - Ending | HEROES,Boku no Hero,https://youtube.com/watch?v=YRU7MZWDmgg,5663287,Anime,2023-01-16,True
320,"My Hero Academia Season 2 – Ending Theme – Dakara, Hitori ja nai",Boku no Hero,https://youtube.com/watch?v=YqIBL3_uEAw,1589189,Anime,2023-01-16,True
321,My Hero Academia Season 3 - Ending | Update,Boku no Hero,https://youtube.com/watch?v=_A5vGzbp6Tw,5858069,Anime,2023-01-16,True
322,My Hero Academia Season 2 – Ending Theme 2 – Datte Atashi no Hero.,Boku no Hero,https://youtube.com/watch?v=C0AcfFDbXQA,3911910,Anime,2023-01-16,True
323,My Hero Academia OST - You Say Run,Boku no Hero,https://youtube.com/watch?v=iYZIUtDAFIw,23850668,Anime,2023-01-16,True
324,ヒロアカ5期OP②/『僕のヒーローアカデミア』TVアニメ5期第2クールノンクレジットオープニングムービー／OPテーマ:「Merry-Go-Round」MAN WITH A MISSION,Boku no Hero,https://youtube.com/watch?v=KI17EkQBEc0,6303615,Anime,2023-01-16,True
325,My Hero Academia OST - Might+U,Boku no Hero,https://youtube.com/watch?v=3jf_Z68c4LQ,19817038,Anime,2023-01-16,True
326,「Creditless」Blue Exorcist OP / Opening 2「UHD 60FPS」,Ao no Exorcist,https://youtube.com/watch?v=9cl8jHnsYB8,395018,Anime,2023-01-16,True
327,「Creditless」Blue Exorcist OP / Opening 3「UHD 60FPS」,Ao no Exorcist,https://youtube.com/watch?v=FMBPrQvojR4,179156,Anime,2023-01-16,True
328,Blue Exorcist 2PM Take Off ED 1 SUB,Ao no Exorcist,https://youtube.com/watch?v=edjdiB7bXJs,122400,Anime,2023-01-16,True
329,Black Lagoon – Opening Theme – Red Fraction,Black Lagoon,https://youtube.com/watch?v=dWfxcRj39tg,3250201,Anime,2023-01-16,True
330,Black Lagoon Ost 02 - Tear Drops to Earth,Black Lagoon,https://youtube.com/watch?v=6tMsf9ptTHI,309046,Anime,2023-01-16,True
331,Angel Beats! - Opening 1,Angel Beats,https://youtube.com/watch?v=Turf7WDB3iY,2729815,Anime,2023-01-16,True
332,Angel Beats Episode 13 Ending (With Brave Song),Angel Beats,https://youtube.com/watch?v=Yk9zaP1E_JE,73308,Anime,2023-01-16,True
333,Angel Beats OST - Unjust Life,Angel Beats,https://youtube.com/watch?v=eJIfjTGDfOE,1740137,Anime,2023-01-16,True
334,Angel Beats OST - Theme of SSS,Angel Beats,https://youtube.com/watch?v=-_kW1V1ya6w,1663731,Anime,2023-01-16,True
335,Angel Beats! - Ichiban no Takaramono (Yui final ver.),Angel Beats,https://youtube.com/watch?v=tm7Xf9818FM,27490069,Anime,2023-01-16,True
336,Angel Beats OST - Otonashi,Angel Beats,https://youtube.com/watch?v=hWVuQbcvADw,534102,Anime,2023-01-16,True
337,Girls Dead Monster - Crow Song,Angel Beats,https://youtube.com/watch?v=sdPwvBJiQJY,10404577,Anime,2023-01-16,True
338,Bleach Opening 1 HD,Bleach,https://youtube.com/watch?v=Q_NO5A-lgqY,289850,Anime,2023-01-16,True
339,Bleach Opening 2,Bleach,https://youtube.com/watch?v=92TEcszkRBw,11902782,Anime,2023-01-16,True
340,Bleach Opening 5,Bleach,https://youtube.com/watch?v=YTMrvnyhMac,7076326,Anime,2023-01-16,True
341,Bleach Opening 6 Creditless,Bleach,https://youtube.com/watch?v=gxTIr0o1GiE,1825077,Anime,2023-01-16,True
342,Bleach OST 3-Clavar La Espada,Bleach,https://youtube.com/watch?v=suwfJMiXauU,22774460,Anime,2023-01-16,True
343,Bleach OST - Invasion,Bleach,https://youtube.com/watch?v=PA6ZAlPcovg,7057523,Anime,2023-01-16,True
344,Bleach - Ichigo's Theme - Number One,Bleach,https://youtube.com/watch?v=1lsn2tT5yTc,36110329,Anime,2023-01-16,True
345,Bleach OST 3 - Soundscape to Ardor,Bleach,https://youtube.com/watch?v=Q2aM5btBLVU,8181395,Anime,2023-01-16,True
346,Naruto Shippuden Opening 1 | Hero's Come Back!! (HD),Naruto Shippuden,https://youtube.com/watch?v=vxvP9zSOL7s,28441167,Anime,2023-01-16,True
347,Naruto Shippuden Opening 2 | Distance (HD),Naruto Shippuden,https://youtube.com/watch?v=mFLZ-I2r3Mc,9597154,Anime,2023-01-16,True
348,Naruto Shippuden Opening 3 | Blue Bird (HD),Naruto Shippuden,https://youtube.com/watch?v=aJRu5ltxXjc,63867832,Anime,2023-01-16,True
349,Naruto Shippuden Opening 4 | Closer (HD),Naruto Shippuden,https://youtube.com/watch?v=kmL3EuiiWXM,19651077,Anime,2023-01-16,True
350,Naruto Shippuden Opening 5 | Hotaru no Hikari (HD),Naruto Shippuden,https://youtube.com/watch?v=H3aqR_n3sM4,17755806,Anime,2023-01-16,True
351,Naruto Shippuden Opening 6 | Sign (HD),Naruto Shippuden,https://youtube.com/watch?v=SavhHnWla6c,36945651,Anime,2023-01-16,True
352,Naruto Shippuden Opening 7 | Toumei Datta Sekai (HD),Naruto Shippuden,https://youtube.com/watch?v=lGTp4VogNaQ,22169662,Anime,2023-01-16,True
353,Naruto Shippuden Opening 8 | Diver (HD),Naruto Shippuden,https://youtube.com/watch?v=L2ncHzfts_0,13738087,Anime,2023-01-16,True
354,Naruto Shippuden Opening 9 | Lovers (HD),Naruto Shippuden,https://youtube.com/watch?v=KmrTuNXVrf4,16288673,Anime,2023-01-16,True
355,Naruto Shippuden Opening 10 | Newsong (HD),Naruto Shippuden,https://youtube.com/watch?v=yu12tTrkJ-g,9110226,Anime,2023-01-16,True
356,Naruto Shippuden Opening 11 | Totsugeki Rock (HD),Naruto Shippuden,https://youtube.com/watch?v=ZR5ZCVQ0puE,8116378,Anime,2023-01-16,True
357,Naruto Shippuden Opening 12 | Moshimo (HD),Naruto Shippuden,https://youtube.com/watch?v=PBsMuTPEJ_A,9619529,Anime,2023-01-16,True
358,Naruto Shippuden Opening 13 | Niwaka Ame ni mo Makezu (HD),Naruto Shippuden,https://youtube.com/watch?v=cjbA7th2rWo,7034150,Anime,2023-01-16,True
359,Naruto Shippuden Opening 14 | Tsuki no Ookisa (HD),Naruto Shippuden,https://youtube.com/watch?v=lBPqob1QYL4,12893697,Anime,2023-01-16,True
360,Naruto Shippuden Opening 15 | Guren (HD),Naruto Shippuden,https://youtube.com/watch?v=_I1N2JFDBwU,7302132,Anime,2023-01-16,True
361,Naruto Shippuden Opening 16 | Silhouette (HD),Naruto Shippuden,https://youtube.com/watch?v=uCbpPfnfQ7U,19093234,Anime,2023-01-16,True
362,Naruto Shippuden Opening 17 | Kaze (HD),Naruto Shippuden,https://youtube.com/watch?v=0Uk1OeC7-4g,9719307,Anime,2023-01-16,True
363,Naruto Shippuden Opening 18 | LINE (HD),Naruto Shippuden,https://youtube.com/watch?v=HdgD7E6JEE4,6934757,Anime,2023-01-16,True
364,Naruto Shippuden Opening 19 | Blood Circulator (HD),Naruto Shippuden,https://youtube.com/watch?v=VMkg2F4QfIA,10505465,Anime,2023-01-16,True
365,Naruto Shippuden Opening 20 | Kara no Kokoro (HD),Naruto Shippuden,https://youtube.com/watch?v=xQKlfIeqTGM,10650547,Anime,2023-01-16,True
366,Naruto Shippuden Ending 1 | Nagareboshi ~Shooting Star~ (HD),Naruto Shippuden,https://youtube.com/watch?v=jFRfbctNXhU,2362942,Anime,2023-01-16,True
367,Naruto Shippuden Ending 2 | Michi ~ To You All (HD),Naruto Shippuden,https://youtube.com/watch?v=IVrGHp3aRbs,1132248,Anime,2023-01-16,True
368,Naruto Shippuden Ending 3 | Kimi Monogatari (HD),Naruto Shippuden,https://youtube.com/watch?v=XYNHGmRBvY0,862645,Anime,2023-01-16,True
369,Naruto Shippuden Ending 4 | Mezamero! Yasei (HD),Naruto Shippuden,https://youtube.com/watch?v=ObkarhFSAtg,959601,Anime,2023-01-16,True
370,Naruto Shippuden Ending 5 | Sunao Na Niji (HD),Naruto Shippuden,https://youtube.com/watch?v=EcMLlsH2rfc,503295,Anime,2023-01-16,True
371,Naruto Shippuden Ending 6 | Broken Youth (HD),Naruto Shippuden,https://youtube.com/watch?v=GUOxnd_myrI,3106092,Anime,2023-01-16,True
372,Naruto Shippuden Ending 7 | Long Kiss Good Bye (HD),Naruto Shippuden,https://youtube.com/watch?v=heMBf1ESFtk,2434347,Anime,2023-01-16,True
373,Naruto Shippuden - Ending 8 | Bring it On,Naruto Shippuden,https://youtube.com/watch?v=ScQKD9vS5ag,4817689,Anime,2023-01-16,True
374,Naruto Shippuden Ending 9 | Shinkokyuu (HD),Naruto Shippuden,https://youtube.com/watch?v=oUyQK2ixzx4,1609948,Anime,2023-01-16,True
375,Naruto Shippuden Ending 10 | My Answer (HD),Naruto Shippuden,https://youtube.com/watch?v=W5xxX4swaA4,3201032,Anime,2023-01-16,True
376,Naruto Shippuden Ending 11 | Omae Dattanda (HD),Naruto Shippuden,https://youtube.com/watch?v=ptYvOVsneiE,1905102,Anime,2023-01-16,True
377,Naruto Shippuden Ending 12 | For You (HD),Naruto Shippuden,https://youtube.com/watch?v=67xzoWFas-0,7199360,Anime,2023-01-16,True
378,Naruto Shippuden Ending 13 | Jitensha (HD),Naruto Shippuden,https://youtube.com/watch?v=Dqn4fydZKLk,1487109,Anime,2023-01-16,True
379,Naruto Shippuden Ending 14 | Utakata Hanabi (HD),Naruto Shippuden,https://youtube.com/watch?v=s9PTEjzvUKI,1404573,Anime,2023-01-16,True
380,Naruto Shippuden - Ending 15 | U Can Do It,Naruto Shippuden,https://youtube.com/watch?v=fU4zb23tKLM,8499282,Anime,2023-01-16,True
381,Naruto Shippuden Ending 16 | Mayonaka No Orchestra (HD),Naruto Shippuden,https://youtube.com/watch?v=CjQmE3MWU1M,1722516,Anime,2023-01-16,True
382,Naruto Shippuden Ending 17 | FREEDOM (HD),Naruto Shippuden,https://youtube.com/watch?v=FOJoHAP03Yg,1352952,Anime,2023-01-16,True
383,Naruto Shippuden Ending 18 | Yokubou o Sakebe!!! (HD),Naruto Shippuden,https://youtube.com/watch?v=izxX6v3Cdds,763057,Anime,2023-01-16,True
384,Naruto Shippuden Ending 19 | Place to Try (HD),Naruto Shippuden,https://youtube.com/watch?v=yiiQD66xsZE,1806129,Anime,2023-01-16,True
385,Naruto Shippuden Ending 20 | By My Side (HD),Naruto Shippuden,https://youtube.com/watch?v=bYN-JCrO_4E,1275264,Anime,2023-01-16,True
386,Naruto Shippuden Ending 21 | Cascade (HD),Naruto Shippuden,https://youtube.com/watch?v=KR8RXZdHmnE,2519392,Anime,2023-01-16,True
387,Naruto Shippuden Ending 24 | Sayonara Memory (HD),Naruto Shippuden,https://youtube.com/watch?v=vxMzWmwTr-g,1630191,Anime,2023-01-16,True
388,Naruto Shippuden Ending 33 | Kotoba no Iranai Yakusoku (HD),Naruto Shippuden,https://youtube.com/watch?v=1WIjnkMsc7E,3550419,Anime,2023-01-16,True
389,Naruto Shippuden OST 1 - Track 02 - Douten ( Heaven Shaking Event ),Naruto Shippuden,https://youtube.com/watch?v=JuFvlh9pcpw,14045828,Anime,2023-01-16,True
390,Naruto Shippuden OST - Departure To The Front Lines,Naruto Shippuden,https://youtube.com/watch?v=2ISfifczkgM,19924518,Anime,2023-01-16,True
391,Naruto Shippuden OST - The Guts To Never Give Up,Naruto Shippuden,https://youtube.com/watch?v=HKl1mx7UIbE,6350299,Anime,2023-01-16,True
392,Naruto Shippuden OST 1 - Track 01 - Shippuuden,Naruto Shippuden,https://youtube.com/watch?v=FKmlDX92IeQ,12238114,Anime,2023-01-16,True
393,Naruto Shippuden OST 1 - Track 04 - Sengunbanba ( Experienced Many Battles ),Naruto Shippuden,https://youtube.com/watch?v=cu_cq9WatBY,6113303,Anime,2023-01-16,True
394,Naruto Shippuden OST 1 - Track 05 - Denkousekka ( Lightning Speed ),Naruto Shippuden,https://youtube.com/watch?v=Qmf1l5z8kIQ,6722249,Anime,2023-01-16,True
395,Naruto Shippuden OST 1 - Track 07 - Utsusemi ( Man Of The World ),Naruto Shippuden,https://youtube.com/watch?v=qbXVmiFr4-8,5355624,Anime,2023-01-16,True
396,Naruto Shippuden OST 1 - Track 08 - Shutsujin ( Departure To The Front Lines ),Naruto Shippuden,https://youtube.com/watch?v=BoflShxmf_s,6164334,Anime,2023-01-16,True
397,Naruto Shippuden OST 1 - Track 13 - Kodoku ( Loneliness ),Naruto Shippuden,https://youtube.com/watch?v=pmbJ4zI788c,4607723,Anime,2023-01-16,True
398,Deidara's Theme Song,Naruto Shippuden,https://youtube.com/watch?v=0Kd4mOSrTh8,4796636,Anime,2023-01-16,True
399,Naruto Shippuden OST - Saika (Colourful Mist) Extended,Naruto Shippuden,https://youtube.com/watch?v=yUt8Ot7BBEs,5882130,Anime,2023-01-16,True
400,Bleach OST 3 - Soundscape to Ardor,Naruto Shippuden,https://youtube.com/watch?v=Q2aM5btBLVU,8181423,Anime,2023-01-16,True
401,Naruto Opening 1 | R★O★C★K★S (HD),Naruto,https://youtube.com/watch?v=4t__wczfpRI,9867895,Anime,2023-01-16,True
402,Naruto Opening 2 | Haruka Kanata (HD),Naruto,https://youtube.com/watch?v=SRn99oN1p_c,23912548,Anime,2023-01-16,True
403,Naruto Opening 3 | Kanashimi Wo Yasashisa Ni (HD),Naruto,https://youtube.com/watch?v=XwJEFzsqNoY,14065737,Anime,2023-01-16,True
404,Naruto Opening 4 | GO!!! (HD),Naruto,https://youtube.com/watch?v=xjBTNbEXbAA,20673737,Anime,2023-01-16,True
405,Naruto Opening 5 | Seishun Kyousoukyoku (HD),Naruto,https://youtube.com/watch?v=lilv4MvBY6E,14870237,Anime,2023-01-16,True
406,"Naruto Opening 6 | No Boy, No Cry (HD)",Naruto,https://youtube.com/watch?v=pWyoHrMzAZQ,8034845,Anime,2023-01-16,True
407,Naruto Opening 7 | Namikaze Satellite (HD),Naruto,https://youtube.com/watch?v=pY15k20Hqq0,6784755,Anime,2023-01-16,True
408,Naruto Opening 8 | Re:member (HD),Naruto,https://youtube.com/watch?v=yB2g22359Fg,5496741,Anime,2023-01-16,True
409,Naruto Opening 9 | Yura Yura (HD),Naruto,https://youtube.com/watch?v=-m8kR0FQ7Wk,7859117,Anime,2023-01-16,True
410,Naruto Ending 1 | Wind (HD),Naruto,https://youtube.com/watch?v=Oyhpwyrq1N0,8412050,Anime,2023-01-16,True
411,Naruto Ending 3 | Viva★Rock Japanese Side (HD),Naruto,https://youtube.com/watch?v=pZaRs2bvy4U,1421695,Anime,2023-01-16,True
412,Naruto Ending 4 | ALIVE (HD),Naruto,https://youtube.com/watch?v=jw6Rvy39_gc,521904,Anime,2023-01-16,True
413,Naruto Ending 5 | Ima Made Nando Mo (HD),Naruto,https://youtube.com/watch?v=ZKd5C6w7UvA,1101085,Anime,2023-01-16,True
414,Naruto Ending 6 | Ryuusei (HD),Naruto,https://youtube.com/watch?v=5z5-Ly_VbXk,782697,Anime,2023-01-16,True
415,Naruto Ending 7 | Mountain A Go Go Two (HD),Naruto,https://youtube.com/watch?v=_kjd_3viXu0,841785,Anime,2023-01-16,True
416,Naruto Ending 8 | Hajimete Kimi To Shabetta (HD),Naruto,https://youtube.com/watch?v=s2rCblHEYZs,531710,Anime,2023-01-16,True
417,Naruto Ending 9 | Nakushita Kotoba (HD),Naruto,https://youtube.com/watch?v=TPYBJUT3XNw,420747,Anime,2023-01-16,True
418,Naruto Ending 10 | Speed (HD),Naruto,https://youtube.com/watch?v=A7pi4-Et5lY,680647,Anime,2023-01-16,True
419,Naruto Ending 11 | Soba Ni Iru Kara (HD),Naruto,https://youtube.com/watch?v=b5DOukHM3WE,369083,Anime,2023-01-16,True
420,Naruto Ending 12 | Parade (HD),Naruto,https://youtube.com/watch?v=xfI6B1Auh-k,1393339,Anime,2023-01-16,True
421,Naruto Ending 13 | Yellow Moon (HD),Naruto,https://youtube.com/watch?v=xPNyvbkrFbY,473568,Anime,2023-01-16,True
422,Naruto Ending 14 | Pinocchio (HD),Naruto,https://youtube.com/watch?v=0gUrP6onHr8,263049,Anime,2023-01-16,True
423,Naruto Ending 15 | Scenario (HD),Naruto,https://youtube.com/watch?v=j65Koam6avI,668199,Anime,2023-01-16,True
424,Naruto Soundtrack - Naruto Main Theme,Naruto,https://youtube.com/watch?v=HQ0kEKKRWzk,19534342,Anime,2023-01-16,True
425,Naruto Soundtrack - The Raising Fighting Spirit,Naruto,https://youtube.com/watch?v=sNjtroPFQ1s,16620213,Anime,2023-01-16,True
426,Naruto OST 2 - Hinata vs Neji,Naruto,https://youtube.com/watch?v=e2tiZGy4z8U,4198871,Anime,2023-01-16,True
427,Naruto OST 2 - Alone,Naruto,https://youtube.com/watch?v=N4_wifjVkmA,2881456,Anime,2023-01-16,True
428,Naruto OST 2 - Avenger,Naruto,https://youtube.com/watch?v=NV29O-VEmZw,3269944,Anime,2023-01-16,True
429,Naruto Soundtrack - Grief And Sorrow,Naruto,https://youtube.com/watch?v=u2oql-D7euc,4639411,Anime,2023-01-16,True
430,Naruto OST - Tenten Theme,Naruto,https://youtube.com/watch?v=xGZH3djutZ8,2859399,Anime,2023-01-16,True
431,Naruto OST - Jiraiya Theme,Naruto,https://youtube.com/watch?v=t_9b1dTlXOQ,251381,Anime,2023-01-16,True
